,11803011,11803126,11808390,11822821,11824719,11828111,11848391,11854031,11854359,11854740,11854855,11855762,11855789,11855924,11874813,11878304,11882492,11883847,11884835,11887982,12806081,12808733,12808946,12810801,12811068,12812170,12814164,12816388,12817732,12818917,12822922,12823210,12824780,12824950,12829871,12830721,12830879,12831905,12833398,12833924,12837962,12839728,12841528,12842664,12842800,12844152,12845345,12848131,12850047,12850713,12850837,12851884,12852848,12853372,12854239,12854450,12856401,12857530,12860191,12861171,12861201,12861405,12862860,12863424,12864242,12865028,12866253,12866962,12867969,12868787
11803011,0.0,3.035901893782788,1.8070852126524064,2.271377537246554,1.882679249680666,0.8202290623356806,1.4869785690458324,1.039318801745636,1.057926252280673,3.42805343752598,3.5957584946118604,2.0642478492343823,3.3698963626366614,1.5867282412649533,0.7583349019699261,0.3922928987203392,0.709422936906126,0.929466817490054,2.0231469749082778,4.783348572418693,2.0016642041871084,2.982441249940828,1.6835170454679844,0.4537935947249574,1.1090510911098685,1.4947142244170881,2.157928439262228,0.824543753026516,1.6319042254702638,3.8418292264724263,1.6417148353076627,1.7645819941627194,3.0225830931581865,0.781785298029321,2.6418462033299934,0.28168635494751987,1.9618679170208515,0.9081526423343881,1.922522903734076,3.9711924545490067,3.497343156890884,3.6923195315700292,1.006557265579194,0.9643730392015596,2.4421450393427957,3.1618966481247957,2.165615645349154,3.768742862838789,1.3671843236163852,0.5274313950749363,1.0255177676956033,1.6080751927496626,0.4250047200895075,1.755670487525264,1.3961454275838105,1.693405816546739,3.0448844811250746,1.4539182598344085,0.847974921995979,4.439062796025862,1.8608210448244584,2.2088089386147907,1.8074176963565851,1.0741857173086946,1.9390394441381213,1.6535186572789646,3.4335159516664935,3.0324969540258677,0.3235066594562743,1.2118884001596688
11803126,3.035901893782788,0.0,1.6089364457739241,1.0499245466351488,2.716962631800463,3.591141404103588,2.180671193133011,2.3443542583877703,1.9868012301807418,1.9575336144104325,1.7736956644521278,2.4998047932595697,1.8908780753127175,2.9801601931552115,3.539346531931775,3.083625289329202,2.3321690794184073,2.106436401910237,2.494682950360044,3.219453092907613,3.0118342485872773,0.36858500588458654,2.8823503467128093,3.4003525220152215,1.9307221622777826,1.6712414938623337,3.6385145699047867,2.212459032218464,2.5967108005877706,1.3600155835597785,1.3948738110552956,2.127951059520151,0.16879043956522402,2.25663036243635,3.9286547679943955,3.2397151879071617,2.951552007974131,3.1242197201629875,3.8030018778741876,3.1975678972683097,3.960402730050472,4.471814058923026,2.0301372638025326,3.0866393730136488,2.3286731616606304,0.5700888592137829,3.736460355846617,4.029344192944222,2.75583628280868,2.519389436868858,2.5969207869223285,1.4417195962699894,3.3946334924867143,1.995582786092004,3.2216931440089924,1.7482640110195993,2.262610559149614,2.853538647492681,3.0707333721862935,4.627870185105802,1.1924283115830803,0.8293508155693525,4.217044864629926,2.557182640689258,1.6158346279332116,3.345669336519483,4.031766601670545,1.3548608017140669,3.337865000488369,1.8364283971945146
11808390,1.8070852126524064,1.6089364457739241,0.0,0.5805373818758478,2.5531996606979135,2.5639730697567282,0.5744538595197596,0.8455191889289402,1.0621852084070267,2.9766563884718877,2.9606044644040925,2.506406748730941,2.903541485128935,2.573003321994661,2.502393727589018,1.6975252096030882,1.1611857106438985,1.050004387089904,2.47745244359856,3.085925307571437,2.825498808986952,1.7539545412215778,2.557142443841361,2.2509356984747138,0.8797518228515296,0.3903268110187142,2.0526500768993663,1.0973374967031824,2.313505457687627,2.8372951409128073,0.813624030317972,2.02027839027238,1.517997309745175,1.118351081113859,2.3900417090087083,1.917048151187192,2.7624836805155555,1.5881773505819152,3.2819690791040736,2.4911408764175453,2.672730481196296,3.1055614709581882,0.9742570412431599,1.5377136910441358,2.6202723775552554,1.49725074913853,2.144884069404376,2.8321843906189534,1.1500212855827445,1.304768482775631,1.9356658134416072,0.9269417901478371,2.2279431230293842,1.8974905281318382,2.6391174005655778,0.14551975960811295,2.940818786275665,1.2448665887952572,1.547298416504555,3.5043158645475114,0.9663413165154421,0.9309615374583382,3.4424088953127208,1.9291242778223578,0.15849102592443642,2.8582890703052803,2.6982272795655606,2.372125052520549,2.1300736911451987,0.7740120383655174
11822821,2.271377537246554,1.0499245466351488,0.5805373818758478,0.0,2.6227118865373718,2.9670517147599935,1.1533718956742058,1.3966087300752394,1.3468848023054578,2.6402096948141653,2.567330890011484,2.5088760113752957,2.5669515267200445,2.7370317493170284,2.9079294674744665,2.2202677524959618,1.575720204766422,1.4003153780175475,2.4874467269535754,2.911617392162999,2.914741344113518,1.2470050963376693,2.688861668744087,2.6941486913933193,1.2082627903005223,0.7785888887637773,2.5886197856183775,1.4807573912956564,2.417460066837902,2.342183982488579,0.8470964352776484,2.0361607961260515,0.9451511149134338,1.514531851362572,2.8871953490444118,2.4196723691144313,2.8503957813530634,2.1594773608828173,3.51015009594941,2.5352130998337588,3.01490562357116,3.4959943330700787,1.3166271394679272,2.1120207119493215,2.5227350983499384,0.9263239269334308,2.6866009217168645,3.126779244001644,1.7276511247410467,1.7466918551193937,2.171531455628278,0.9602001003846458,2.67727790558615,1.899255070741437,2.873356270593377,0.7256243775875794,2.719854817896019,1.8181264493910478,2.1149446147919493,3.768666087420692,0.8432155133285203,0.5648454650295214,3.7674923849965376,2.1508389483989654,0.5666571300026203,3.062869664482901,3.0667162363963487,2.011472283186973,2.593148171648138,1.0936746217185185
11824719,1.882679249680666,2.716962631800463,2.5531996606979135,2.6227118865373718,0.0,1.7094768277903714,2.6714308953755688,2.3376768818580707,1.5598057390080238,1.9571400085616406,2.2459988837816125,0.3056396400402248,1.9254876981837914,0.44081555828032304,1.7002849907502962,2.2449607921204495,1.749159992267799,1.6604609728404518,0.281281796531013,5.534059904579254,0.2987541630515641,2.448462006363287,0.28561618956170365,1.850673101009166,1.7489927172154638,2.177495742701967,3.895771466173633,1.6986978676148219,0.2687049090905289,2.7938603504406228,1.7956620300400803,0.602837499049732,2.8090306881439377,1.7184763979470203,4.36679542788988,2.154287118562098,0.23604259735722763,2.701969839233575,1.1670854383466764,5.0436842920287726,5.027667912495252,5.339739292899101,1.6981072470794343,2.734922972704636,0.7427155193825172,3.147586262514642,3.9300459708460838,5.2478002278116005,2.9182046455986965,1.7964432237634376,0.8710882703317439,1.6764186749537835,1.8829269315197494,0.7422411214095251,0.803501898869136,2.543678599012402,1.3880723349442188,3.038518266589484,2.630480321729145,5.935046225266584,1.7875363800194013,2.1642395277771733,1.7605879165771559,0.8319139293351957,2.7081807660335446,0.761320181032276,5.0054532934414695,1.8755406353607942,1.9431742171389996,1.8236971376106734
11828111,0.8202290623356806,3.591141404103588,2.5639730697567282,2.9670517147599935,1.7094768277903714,0.0,2.2983207910826153,1.8488336447632685,1.640079010474853,3.5601858137787117,3.7927851630405804,1.9768083261041285,3.5140038286241775,1.2938005659786587,0.06262905007769476,1.1472950139569038,1.406103132769123,1.5670152263155608,1.9392484902998253,5.589984515189261,1.7019383394980865,3.468152474138522,1.4383553339240467,0.39471014073694166,1.7593463582361857,2.214821700808612,2.872564357378162,1.48863989660679,1.5326114857028776,4.177434056996773,2.225217735428734,1.8648623134989508,3.607945703519926,1.458435438951627,3.350718368605657,0.9049734003071691,1.6863656210372044,1.6520852717438632,1.2744199425380225,4.791382572282361,4.271558782994589,4.422743908005205,1.6507670220204376,1.7198519448044376,2.4132696218338094,3.806649584709235,2.8610829000073363,4.552737847398171,2.1756746053462717,1.2615663704123274,1.0925877079028206,2.157547143181764,0.4377491804166,1.917160379023212,0.9656080821447435,2.464327268237939,3.061745432674486,2.253818080597035,1.6056100395229025,5.213230073990543,2.4009224373257654,2.7940767931890114,1.002648288985917,1.14664547255826,2.70663827244244,1.172275424067707,4.196273502233066,3.2934383448618227,0.5669323104342976,1.8735471122837355
11848391,1.4869785690458324,2.180671193133011,0.5744538595197596,1.1533718956742058,2.6714308953755688,2.2983207910826153,0.0,0.44952035788588746,1.1129859719137634,3.4143971172558225,3.4367926703496687,2.6896193849509027,3.3426259967328114,2.594692044536482,2.2357190006033805,1.2768661322394737,1.0036597638075508,1.0172513288153062,2.6551809529912918,3.29657560930372,2.912681122370323,2.3069604495354534,2.613247364628845,1.9401955537725446,0.9279397906778235,0.6428153268683554,1.5230939064894131,1.0038250368839432,2.4105079435053796,3.37615238397604,1.1675816187428525,2.2188924939152774,2.092347096369116,0.9999752579759703,1.904697424695667,1.5239732509425568,2.8535157705194343,1.0569555114000115,3.2071579719392216,2.5193416802061184,2.3690794049420085,2.7339358363690485,0.9735139438534042,0.9978373776886907,2.8856517921531,2.058882052066842,1.6068780666931823,2.5778238899082795,0.5757308760649952,1.0747665651882334,1.9185510245234048,1.2521815769674727,1.908897832167843,2.1173978478874127,2.5808217424276703,0.4325071955638976,3.29500127307113,0.6743361336180669,1.0277303651046,3.2646654452509662,1.3843377887956634,1.4601876798197324,3.25071516010879,1.9286587005890714,0.6137876999351514,2.823900415378757,2.3627526784995285,2.837429216042968,1.793981887771316,0.8736406208684884
11854031,1.039318801745636,2.3443542583877703,0.8455191889289402,1.3966087300752394,2.3376768818580707,1.8488336447632685,0.44952035788588746,0.0,0.8272235097080671,3.315682750622891,3.383886898747031,2.3944898940636135,3.2465952175824233,2.213464676192258,1.7862272690364287,0.8612298244411821,0.6020738600778057,0.6899462516610204,2.3573592765456803,3.7442709861950223,2.5579935104807974,2.4041994104047433,2.2478926076237147,1.4930158175506643,0.6787166494301551,0.6743100349415102,1.6321091454429446,0.6390321211672452,2.070751813440418,3.4231664036109697,1.1059682841159701,1.9476574028017952,2.2841466957497234,0.6206262042854449,2.073914898403422,1.095965834416086,2.5017422591621403,0.779899470475005,2.783995960098799,2.9613761050564475,2.6961983346730483,3.0049443511533473,0.6770381202388264,0.7451004173913357,2.6426365974778743,2.3228776384729843,1.6919604815425666,2.930054115733519,0.6055695975347984,0.6382906518255436,1.534443417128395,1.1529745563008873,1.4626983539892715,1.864986237031215,2.167928130973927,0.709319752912414,3.1156279250801857,0.731234197207154,0.7272767376356248,3.616500853579609,1.3508288623072302,1.5481214279345543,2.8040030581779654,1.5520800219792206,0.9486564841329463,2.416905163381115,2.6686599413269905,2.7819895452243526,1.3501943171976343,0.6803128866521939
11854359,1.057926252280673,1.9868012301807418,1.0621852084070267,1.3468848023054578,1.5598057390080238,1.640079010474853,1.1129859719137634,0.8272235097080671,0.0,2.5500224048363553,2.6595269433164703,1.582119338358811,2.4841049153079044,1.5211407636107428,1.583567610665706,1.1863198668944595,0.39515787100558003,0.16409848897681845,1.5465792139235182,4.143388691882683,1.8088449069825174,1.92474759423755,1.520101571916406,1.415510651075241,0.19197229632974788,0.6720677808806962,2.455871931185627,0.2714370244015221,1.3016278363741332,2.8181645323896416,0.5943883370702611,1.1234663679763204,1.985331577636002,0.3179699445611196,2.901131229071284,1.2878743120998233,1.748261047537389,1.430629219493588,2.220866426467618,3.530685205490558,3.4778704688808997,3.817255412326715,0.15019346441722273,1.430406301701027,1.815447179045378,2.166773376666081,2.5110994787983567,3.690776164678036,1.4324763660872408,0.5726926043443084,0.8734846121041555,0.5504531379115973,1.4084058168112634,1.0377886598266315,1.577726699205114,1.018209897781251,2.300751362022314,1.5579687838360332,1.3597394766621371,4.377651416811398,0.8033435489511167,1.1673857714345441,2.4235833823864006,0.8680436086738408,1.22041256554056,1.7964474834503266,3.4639779184221116,2.0685647176269892,1.3519554225125794,0.28823806950113745
11854740,3.42805343752598,1.9575336144104325,2.9766563884718877,2.6402096948141653,1.9571400085616406,3.5601858137787117,3.4143971172558225,3.315682750622891,2.5500224048363553,0.0,0.3531547177413961,1.652233410896471,0.07346027731588231,2.3914204262377368,3.5348681229070436,3.682116798997504,2.9293206641203784,2.7136598204915585,1.6809603034667626,5.174779487182781,2.1394012745135313,1.5910631260088661,2.23818816675565,3.582467140717518,2.6500220639550927,2.7715900392518287,4.920001311056976,2.8148306203004654,2.0514559974826656,1.0989037985520205,2.248681390998423,1.70459436184134,2.1227073042173967,2.858429178563661,5.319061193426355,3.7050642881658695,2.1085988722951186,3.980579351441039,3.0778245428620856,5.1007416786883555,5.63248375123265,6.081549483366885,2.6857451535140724,3.9796679048153187,1.2198709576592046,2.5275083186289047,4.991990472561111,5.762042468654078,3.8990211952647176,3.0792999699031385,2.497333424782664,2.175478039130208,3.6015957257003812,1.6817418570745621,2.7494713288807198,3.0627897602130987,0.640173724879491,4.0222177211908425,3.9094676536037665,6.408773210521385,2.0327273066723133,2.090242726094365,3.7129702441528543,2.441425952347194,3.0746431106657104,2.7138539353574895,5.668764506495266,0.6326657849355674,3.615870669979573,2.635384249484839
11854855,3.5957584946118604,1.7736956644521278,2.9606044644040925,2.567330890011484,2.2459988837816125,3.7927851630405804,3.4367926703496687,3.383886898747031,2.6595269433164703,0.3531547177413961,0.0,1.940555417845256,0.3460832841594713,2.671625810356613,3.7633519682107988,3.822711094365486,3.049350995553903,2.823419213178499,1.9657367506613788,4.9649475140849555,2.4478688448566936,1.4204942494469224,2.521114173134341,3.785260421902288,2.737769668387798,2.7977971342953976,4.95656066383929,2.929636921748269,2.313936429377014,0.7569574806237731,2.2886698286461997,1.9279442532100266,1.9422607411176818,2.9750398992549996,5.335897608625247,3.8673799764114296,2.412793206627193,4.083850461623237,3.3871935088031018,4.960474605798517,5.580733565103824,6.049446612469188,2.7860559931525684,4.076540133171635,1.5236386696340019,2.336431876722046,5.03459690972326,5.692370137464797,3.9489396082011456,3.2105759177740114,2.7117287878611824,2.231163811563222,3.801120057277779,1.883820230132464,3.0238100502563214,3.0598589844713624,0.9851244293400774,4.069442555504789,4.014471451554044,6.324761259357606,2.0559620205114126,2.042822594704166,4.0065772838632885,2.6560597752629636,3.0433802274881736,3.0070143844912067,5.627166116205251,0.6024534267081129,3.8051245515464833,2.7086495480400026
11855762,2.0642478492343823,2.4998047932595697,2.506406748730941,2.5088760113752957,0.3056396400402248,1.9768083261041285,2.6896193849509027,2.3944898940636135,1.582119338358811,1.652233410896471,1.940555417845256,0.0,1.6200060028335603,0.7406231786418411,1.9624932133938953,2.4062486386871877,1.8304701671940222,1.705128613243106,0.04110203504696863,5.41492989545075,0.5428893239092384,2.2113079092004937,0.5864511484242322,2.0837349167281523,1.7621515251057576,2.1475525961236217,3.992284973517905,1.7613088482313772,0.4508811185162351,2.4982172557733238,1.7144872971027558,0.48624276842929975,2.603302062393837,1.7881219907293777,4.4544077489535345,2.3426594951481774,0.4936778049920264,2.834555071024308,1.462351851521071,4.9831727653255955,5.058162768613506,5.396970930238105,1.7288627506554133,2.8605064052965656,0.44359331805321073,2.9592398286792996,4.03437969186287,5.264507578688059,2.9907538271162153,1.9060235875709695,1.0389045772188015,1.5950130494253518,2.1126471218410576,0.6147405847070427,1.1015709127498032,2.5143326974045457,1.09377369261562,3.1140844912281773,2.761824413042056,5.950018270857713,1.6656674343933013,2.0144330579475107,2.066042540982816,0.9902555299778367,2.6565139070885446,1.0664842941529429,5.04604692953716,1.5826245180505683,2.160799409569223,1.820860855977304
11855789,3.3698963626366614,1.8908780753127175,2.903541485128935,2.5669515267200445,1.9254876981837914,3.5140038286241775,3.3426259967328114,3.2465952175824233,2.4841049153079044,0.07346027731588231,0.3460832841594713,1.6200060028335603,0.0,2.357251879220195,3.48776695218647,3.6203472280095457,2.864758407887583,2.647883592286734,1.6475395389850647,5.1091691021573915,2.1155667285776567,1.523775904011515,2.204781013579842,3.530229955032471,2.5821628725365198,2.6998106719212376,4.849216580582142,2.7496391192053453,2.0116289696212784,1.071786164436797,2.177331663441775,1.6546624862898174,2.0555080184913512,2.793455514751405,5.2473188347029724,3.6462426633535814,2.0829306123182123,3.9147340871402467,3.054837395496247,5.029413605027046,5.559042302143637,6.0083309705692125,2.619031059448609,3.9132058166715806,1.1928830815377545,2.460957130537279,4.921569172658066,5.688611522888499,3.8288542794848883,3.0161014804277326,2.4466121826639404,2.104961042660211,3.5487682907265294,1.6275407217582294,2.713717076309828,2.9900107049401816,0.6393889189450499,3.951910249661616,3.843771541113184,6.335476681294104,1.9604972644704761,2.016795235694776,3.684000229271859,2.390699238946538,3.001295082829906,2.6843190439852527,5.59540324224328,0.5604081399145502,3.5612436421743934,2.566359682681531
11855924,1.5867282412649533,2.9801601931552115,2.573003321994661,2.7370317493170284,0.44081555828032304,1.2938005659786587,2.594692044536482,2.213464676192258,1.5211407636107428,2.3914204262377368,2.671625810356613,0.7406231786418411,2.357251879220195,0.0,1.2911371332856254,1.969788265928621,1.611393914405416,1.5824559146205284,0.7105473625026072,5.626105886251367,0.4236675461487324,2.74532623083991,0.15519969131462344,1.479271086718978,1.7121677257617163,2.1841850369563187,3.6890919050187527,1.5917484063723975,0.39484372287967345,3.1883536049895502,1.8901977424450778,0.870734082565258,3.0538947970349075,1.5998886033364876,4.168676846890333,1.84154358299087,0.39693263502984855,2.4592985411381454,0.8233610725317507,5.05178759079485,4.905103605649992,5.177861308268584,1.6384197430421774,2.5017162307269714,1.1822773020379858,3.362236827924548,3.712170933923086,5.14344169822158,2.7579534430313486,1.6135281096942529,0.6791813576104024,1.7772287631008903,1.5157181797878256,0.9918867360931761,0.36271311014962754,2.5386402019505394,1.82886126315813,2.8718962609168193,2.3908669845193544,5.8296334326293815,1.9384241319622812,2.3408230653732387,1.34444981052582,0.6660334688054519,2.731341716169816,0.36998599814801447,4.8687816364759104,2.268741249636203,1.5922235336301884,1.8061388307552542
11874813,0.7583349019699261,3.539346531931775,2.502393727589018,2.9079294674744665,1.7002849907502962,0.06262905007769476,2.2357190006033805,1.7862272690364287,1.583567610665706,3.5348681229070436,3.7633519682107988,1.9624932133938953,3.48776695218647,1.2911371332856254,0.0,1.0891674419160906,1.3451589281274539,1.50824041808913,1.9244305095668568,5.527369553826611,1.7037082116146234,3.4201067971675996,1.4329486849799498,0.3386509904187168,1.7006230537873093,2.154265181451692,2.820571197418113,1.428796033292836,1.5158606224923574,4.139304992620803,2.1702205103237326,1.8360434898457214,3.5545528169876275,1.3981478627906665,3.29955347362658,0.8493238508303449,1.6858390319449907,1.5962572143168958,1.3100858983874741,4.729361373467157,4.215270481995146,4.370340101643525,1.5919977331952408,1.6634284291684533,2.396576291013285,3.750333325915238,2.8105250707593123,4.49557312404325,2.115579028588344,1.1995588809935191,1.0574618683491706,2.103983453308455,0.3825748482003535,1.8845506244293992,0.9720942609780647,2.4023171629359834,3.0436770530635617,2.1945757726784056,1.5488196397936642,5.157104281851643,2.3483484467283273,2.739894897146412,1.06039524705563,1.112134211322067,2.6447767121249135,1.187395034718771,4.141006068157311,3.258907032519013,0.5110719247471945,1.814643016252068
11878304,0.3922928987203392,3.083625289329202,1.6975252096030882,2.2202677524959618,2.2449607921204495,1.1472950139569038,1.2768661322394737,0.8612298244411821,1.1863198668944595,3.682116798997504,3.822711094365486,2.4062486386871877,3.6203472280095457,1.969788265928621,1.0891674419160906,0.0,0.792279746964298,1.0301079984190398,2.365276399331015,4.551007954754547,2.3801617529877603,3.076714357360445,2.0599109782613483,0.7534695648413591,1.1732105060169598,1.4497665198120027,1.7683490147060896,0.9180257505673807,1.9870911198624759,4.004016213077694,1.7172715074361462,2.067210204034134,3.0488980991703176,0.8707888008892294,2.2521151270102435,0.25883795998658904,2.3379025614279016,0.519939054321363,2.308870197934791,3.684498923260099,3.1292123945209505,3.307558505630597,1.0896106345131764,0.5808863740508458,2.7624961206434913,3.138536399653949,1.7740179385471093,3.4071253919701845,1.0381215344396568,0.6160368748777448,1.3762975392261956,1.710667059273172,0.71220144585613,2.0393253371647493,1.7882518935055611,1.5666378619254993,3.3425737231515122,1.1089210897593742,0.46452216982007194,4.071357893070907,1.9557811985500664,2.2566259222151976,2.1495525316152246,1.4203457379392517,1.80866508497875,2.04576316611021,3.059400289593211,3.2416067706844256,0.583293475613604,1.253810920164393
11882492,0.709422936906126,2.3321690794184073,1.1611857106438985,1.575720204766422,1.749159992267799,1.406103132769123,1.0036597638075508,0.6020738600778057,0.39515787100558003,2.9293206641203784,3.049350995553903,1.8304701671940222,2.864758407887583,1.611393914405416,1.3451589281274539,0.792279746964298,0.0,0.23820547319902052,1.7917575349075716,4.223491391003706,1.959922697411929,2.297878646005247,1.64756076082376,1.1185176848292124,0.4015626198715348,0.8101264744792324,2.1618991768359184,0.12597140022876102,1.480783887402959,3.2117611320016333,0.942871014303405,1.4124805545395107,2.314584196113881,0.07879249343169654,2.6250691941958295,0.9108754883088318,1.9047435321937358,1.0584365366415844,2.204276372854035,3.5144977078654285,3.296541228664739,3.5914312500707593,0.3044539103034985,1.0671158690563922,2.118996658100307,2.4546300666780874,2.205783294817294,3.5321106858639544,1.1690664253725715,0.1875975187399427,0.9323832858300706,0.9239539639257103,1.102520805559296,1.3515908237659127,1.5774347140448906,1.0709279624927588,2.645833888762569,1.289850804903866,0.9859607309271079,4.218479017188274,1.1732081480666858,1.5033680542131722,2.291212396276696,0.9507788693609044,1.3081777246126864,1.8222684743521853,3.2655168011292894,2.4610782134529994,1.0245668711683207,0.5024654964265568
11883847,0.929466817490054,2.106436401910237,1.050004387089904,1.4003153780175475,1.6604609728404518,1.5670152263155608,1.0172513288153062,0.6899462516610204,0.16409848897681845,2.7136598204915585,2.823419213178499,1.705128613243106,2.647883592286734,1.5824559146205284,1.50824041808913,1.0301079984190398,0.23820547319902052,0.0,1.6682798655849986,4.135109231635768,1.8958941139570265,2.0626400614857694,1.5962755975206564,1.3130867820554832,0.19240007110349278,0.6697679620805882,2.309095637602046,0.11223407946474354,1.396662338146846,2.9742407911166953,0.7126026317350591,1.259272108302486,2.0952919625769866,0.15944910077145993,2.75988285521896,1.145024364092945,1.837132709848085,1.2669196393954498,2.242671067982728,3.481779910933624,3.3674372881258616,3.692330054994815,0.08375749041218417,1.2675984117567516,1.9584854025976923,2.2538563137657506,2.3613899389692974,3.5884667727902344,1.291304786809709,0.42272389863309046,0.9134352730405966,0.6872685348554336,1.3018691397654207,1.1820243669211483,1.6027059919863946,0.9847273334204389,2.4569941401928657,1.4160976389618942,1.1958892943259418,4.2758254366792325,0.9378611654929486,1.2798444327883949,2.397742432444088,0.9178771439013693,1.2052629429672248,1.8335377561704251,3.3477234038276937,2.231879118673925,1.2350911921229488,0.30664136119832813
11884835,2.0231469749082778,2.494682950360044,2.47745244359856,2.4874467269535754,0.281281796531013,1.9392484902998253,2.6551809529912918,2.3573592765456803,1.5465792139235182,1.6809603034667626,1.9657367506613788,0.04110203504696863,1.6475395389850647,0.7105473625026072,1.9244305095668568,2.365276399331015,1.7917575349075716,1.6682798655849986,0.0,5.3951050558564235,0.5346076199363543,2.2102312201876937,0.5573154714170875,2.043703354886987,1.727457534991463,2.116746163625694,3.95344735482213,1.7234850340950063,0.41132381736060497,2.5151851648540426,1.6883844000214103,0.4586429125549451,2.596040779964822,1.7499500647464024,4.41605035709452,2.30157261328955,0.4823207287637441,2.7942172460947248,1.4446913563013175,4.956421144977204,5.023376811053148,5.360421221247757,1.6929144046366507,2.820381470724927,0.47780680061559694,2.94904947524227,3.9951988138150805,5.230774899491799,2.9529397457169084,1.866195015339985,0.9978114101144976,1.5687567244144796,2.072465585232736,0.5901730969845077,1.0702246056093887,2.483729084775234,1.1285429824008706,3.0761391230528203,2.7215116113921303,5.916493369491354,1.6444230856625304,1.9975010720493618,2.041182740137253,0.9491544911079618,2.6281335459955777,1.0423757978394583,5.010550310716956,1.5980860181644412,2.120191678115449,1.7874449531903802
11887982,4.783348572418693,3.219453092907613,3.085925307571437,2.911617392162999,5.534059904579254,5.589984515189261,3.29657560930372,3.7442709861950223,4.143388691882683,5.174779487182781,4.9649475140849555,5.41492989545075,5.1091691021573915,5.626105886251367,5.527369553826611,4.551007954754547,4.223491391003706,4.135109231635768,5.3951050558564235,0.0,5.82503975532024,3.587819574814763,5.589659674684238,5.236744818515633,3.9649044939355527,3.473079448037418,3.6207186237683007,4.175266259036395,5.323888869580042,4.39016688100405,3.745674632222137,4.946796676537572,3.0574116094759796,4.191168827701391,3.494856125523127,4.806246807908091,5.7607105232431,4.197388314994965,6.363748606752478,1.1483511350314732,2.637070280042606,3.147583801849683,4.060142109508807,4.122391295765799,5.386124440126994,2.64985073395675,3.7270007287160474,2.4299207092177597,3.5723016524394637,4.339425030046366,5.014240227779975,3.863078156897428,5.205409183819463,4.809159069682095,5.72055454157464,3.1560636259062793,5.453346645299121,3.554036842229517,4.200818519086589,2.584414951644333,3.751934178531397,3.408967479719963,6.514610263998029,5.0034341443917825,2.929875298264487,5.931774563799438,2.801961688181233,4.572707781231783,5.089511613740941,3.8566819247176807
12806081,2.0016642041871084,3.0118342485872773,2.825498808986952,2.914741344113518,0.2987541630515641,1.7019383394980865,2.912681122370323,2.5579935104807974,1.8088449069825174,2.1394012745135313,2.4478688448566936,0.5428893239092384,2.1155667285776567,0.4236675461487324,1.7037082116146234,2.3801617529877603,1.959922697411929,1.8958941139570265,0.5346076199363543,5.82503975532024,0.0,2.737698664803013,0.32176922170883726,1.9023459183971847,2.0002280700097934,2.444846340943208,4.0779828820667685,1.9226808132527289,0.5121064220808437,3.0340548634320466,2.0822718316997593,0.9015536297735027,3.1058813541790067,1.9376117350065447,4.554451474532476,2.260888388612729,0.06434560772783163,2.8601786431603387,0.9394485679465103,5.316519008073522,5.254001124939606,5.547657914827251,1.9408101706915701,2.8991735393105467,0.9242308405879094,3.4460978908962843,4.105701678011398,5.4821923056615605,3.123514460258053,1.9853730305744157,1.0409367282479205,1.9636676948162026,1.9390902042907425,1.04087925414497,0.7405607499081166,2.8089334449190564,1.534051656716779,3.2409277431607553,2.790458305073598,6.169498101463966,2.082570506354615,2.4620304769282897,1.5851118261126116,1.0132951600279223,2.9817879270075567,0.6055061157790608,5.225338096933469,2.1219112999470293,2.0157871489515746,2.081834669383824
12808733,2.982441249940828,0.36858500588458654,1.7539545412215778,1.2470050963376693,2.448462006363287,3.468152474138522,2.3069604495354534,2.4041994104047433,1.92474759423755,1.5910631260088661,1.4204942494469224,2.2113079092004937,1.523775904011515,2.74532623083991,3.4201067971675996,3.076714357360445,2.297878646005247,2.0626400614857694,2.2102312201876937,3.587819574814763,2.737698664803013,0.0,2.6360329596175265,3.313794547902855,1.9042080379496937,1.7348521917175983,3.806326466807746,2.1733913512063583,2.3540846443705536,1.095183688973166,1.3594532161081774,1.8781529349494008,0.5317330585394469,2.2197210927330437,4.127431090208582,3.2076625993327417,2.6796040262838545,3.1781192304402324,3.5675762888521336,3.540466895568549,4.234980472152307,4.731690872169966,1.993719270759198,3.1484849012659306,2.004077286008336,0.9380637645131997,3.8988104506746954,4.321367393320575,2.8730853733136668,2.4847302102658224,2.428925904586103,1.3760280779141811,3.312886870799949,1.7534394984470254,3.01230538409451,1.8824549253348313,1.9004853655487965,2.9796681528120486,3.119159785695831,4.935410302880593,1.1248181919959381,0.8582286902042454,4.023445006136084,2.3843787248867034,1.7916419147444214,3.114608537670581,4.296947227420168,0.9863948786559271,3.2690368597099972,1.8246378194148396
12808946,1.6835170454679844,2.8823503467128093,2.557142443841361,2.688861668744087,0.28561618956170365,1.4383553339240467,2.613247364628845,2.2478926076237147,1.520101571916406,2.23818816675565,2.521114173134341,0.5864511484242322,2.204781013579842,0.15519969131462344,1.4329486849799498,2.0599109782613483,1.64756076082376,1.5962755975206564,0.5573154714170875,5.589659674684238,0.32176922170883726,2.6360329596175265,0.0,1.605891934448913,1.7120729706574536,2.1713957298251327,3.7570322475738123,1.616300881665598,0.2863299370344127,3.047904159875026,1.8452455940035815,0.758010415359487,2.9623072057562525,1.6288205558474076,4.234025101732064,1.94582071397832,0.27835386967253384,2.5384439267319157,0.9352977924382614,5.044289836719177,4.943875157415534,5.2309520944608465,1.6460170956743747,2.5774188406916845,1.0273792324892626,3.281295279858929,3.7842325074939183,5.175895050897848,2.8072917525402983,1.6667221143126805,0.7220551179695203,1.729389055622959,1.6407289124284614,0.8869842460421851,0.517895106650897,2.5314210549298157,1.673666910747992,2.923832184104705,2.468695316944498,5.862935621294794,1.8746570055486003,2.270241700050196,1.4894290775984997,0.6974371863376843,2.714804837679047,0.4985518581952904,4.912580943969381,2.1280669949984152,1.710889540855383,1.799814449219113
12810801,0.4537935947249574,3.4003525220152215,2.2509356984747138,2.6941486913933193,1.850673101009166,0.39471014073694166,1.9401955537725446,1.4930158175506643,1.415510651075241,3.582467140717518,3.785260421902288,2.0837349167281523,3.530229955032471,1.479271086718978,0.3386509904187168,0.7534695648413591,1.1185176848292124,1.3130867820554832,2.043703354886987,5.236744818515633,1.9023459183971847,3.313794547902855,1.605891934448913,0.0,1.5026916437749638,1.923911107850664,2.483681634177332,1.219500765764014,1.6332242204998786,4.1034795871245695,2.009887606947154,1.8798627350138617,3.400734430186578,1.1822429928151168,2.9635406521591188,0.5106934687913692,1.8751300340927766,1.2577163575529888,1.6225143719703774,4.41421727542983,3.876987116960858,4.032910797165362,1.395288189547362,1.3252036868335655,2.5002617990980918,3.5664180729939394,2.4754293232843656,4.1580395380079285,1.7859540918588475,0.9513601751887921,1.0878050753861694,1.958981247099912,0.04510713694078172,1.9041371902819662,1.2048265590656402,2.141248252734768,3.1347229066699778,1.8614769901687436,1.2109005047357715,4.818734085704432,2.2101411788447893,2.5828224409774223,1.3973220437083327,1.1434577912715083,2.3863774351813625,1.444020357320814,3.8023684750928015,3.251390475230171,0.17243668134838117,1.6125709715014518
12811068,1.1090510911098685,1.9307221622777826,0.8797518228515296,1.2082627903005223,1.7489927172154638,1.7593463582361857,0.9279397906778235,0.6787166494301551,0.19197229632974788,2.6500220639550927,2.737769668387798,1.7621515251057576,2.5821628725365198,1.7121677257617163,1.7006230537873093,1.1732105060169598,0.4015626198715348,0.19240007110349278,1.727457534991463,3.9649044939355527,2.0002280700097934,1.9042080379496937,1.7120729706574536,1.5026916437749638,0.0,0.4921253627593965,2.310221153810138,0.28531971352703767,1.4922217556149135,2.846755137050232,0.5452119631422919,1.2955122269752029,1.9136390981239273,0.32727421510167926,2.7462863948514062,1.3103417151414154,1.939459701074121,1.3485232596239132,2.4025836930193956,3.340026872454842,3.296011250172988,3.6445379309934554,0.10866252001065815,1.3389040242234107,1.977049979924006,2.0637272265707414,2.3706611127420967,3.50519085811948,1.2819840642563076,0.5886678178302513,1.0591774271997914,0.5412019275089636,1.4903650475833465,1.2012757809638335,1.7600380505299482,0.8290188624241347,2.4369978153741885,1.4077303521547946,1.2805848448029975,4.191692740211835,0.7827424496275462,1.1018143879540434,2.581139849922303,1.056251165405248,1.0372165957494244,1.982802748134575,3.285397034234831,2.1397497413314865,1.4198614364953068,0.11509415160515409
12812170,1.4947142244170881,1.6712414938623337,0.3903268110187142,0.7785888887637773,2.177495742701967,2.214821700808612,0.6428153268683554,0.6743100349415102,0.6720677808806962,2.7715900392518287,2.7977971342953976,2.1475525961236217,2.6998106719212376,2.1841850369563187,2.154265181451692,1.4497665198120027,0.8101264744792324,0.6697679620805882,2.116746163625694,3.473079448037418,2.444846340943208,1.7348521917175983,2.1713957298251327,1.923911107850664,0.4921253627593965,0.0,2.1587740366868617,0.7295796572708857,1.9328020091917233,2.773431675408048,0.526582064681618,1.6636136202936191,1.6165286525139404,0.7568095637463909,2.5475108384356906,1.6422534201429981,2.3823049679810047,1.4539269722745376,2.892526309246263,2.8732655535671014,2.956470520555664,3.3532004235516197,0.59080155572252,1.4189767962058206,2.294278231070703,1.6891241185779708,2.2378691578311627,3.1392771225355225,1.1625310929715837,0.9730465958256123,1.5454822452786074,0.6188905235026367,1.905091223972556,1.5475883771822794,2.2495074174525422,0.36728781078976247,2.666873654203473,1.2787369267727609,1.399577375205655,3.81995055934179,0.7426478839761794,0.8768634415306731,3.067445516464453,1.538802486889648,0.5487456476941955,2.4679700955406574,2.9655558279548973,2.197194792276493,1.8173472685852732,0.3841084793437308
12814164,2.157928439262228,3.6385145699047867,2.0526500768993663,2.5886197856183775,3.895771466173633,2.872564357378162,1.5230939064894131,1.6321091454429446,2.455871931185627,4.920001311056976,4.95656066383929,3.992284973517905,4.849216580582142,3.6890919050187527,2.820571197418113,1.7683490147060896,2.1618991768359184,2.309095637602046,3.95344735482213,3.6207186237683007,4.0779828820667685,3.806326466807746,3.7570322475738123,2.483681634177332,2.310221153810138,2.1587740366868617,0.0,2.2377681661473874,3.6274693011651404,4.888586581621847,2.6734857275599087,3.5658182398283382,3.526808092630698,2.2072660979993994,0.48392302788999114,1.9778382503180107,4.02836570686192,1.2497806051991367,4.076802388652351,2.526535752561548,1.4762201045651078,1.5505610789732913,2.306241498663554,1.1964359711307044,4.267504389716833,3.4011552459929177,0.11395124524485606,1.7854943443093687,1.0288771276456103,2.0993562884020567,3.038340883872904,2.744740013429336,2.438995492548053,3.4910157856310096,3.545606298451009,1.9286443921262915,4.747039010709367,0.903425770764913,1.311701982197608,2.3925827864928735,2.900880808031415,2.9747403854800205,3.8637287789076997,3.0701859211109044,2.023875224575438,3.8042576594457294,1.3676170705361985,4.355676130863809,2.312698693268065,2.300841627079799
12816388,0.824543753026516,2.212459032218464,1.0973374967031824,1.4807573912956564,1.6986978676148219,1.48863989660679,1.0038250368839432,0.6390321211672452,0.2714370244015221,2.8148306203004654,2.929636921748269,1.7613088482313772,2.7496391192053453,1.5917484063723975,1.428796033292836,0.9180257505673807,0.12597140022876102,0.11223407946474354,1.7234850340950063,4.175266259036395,1.9226808132527289,2.1733913512063583,1.616300881665598,1.219500765764014,0.28531971352703767,0.7295796572708857,2.2377681661473874,0.0,1.4320090224708606,3.086141006695095,0.8205255628040472,1.3283632355900334,2.198113560081392,0.04724227208257118,2.69455796401455,1.0344759090933313,1.865534342368341,1.1672602261941314,2.221510879810153,3.49518407921008,3.332074020107795,3.64317306338661,0.18232325832668406,1.1713644577302116,2.03223502106243,2.3475670524272796,2.286280730432149,3.5600127418510294,1.2294583056522557,0.31136197965121265,0.9147432307332302,0.7986707022463121,1.2062034322713713,1.2591713908937532,1.5864268080399304,1.0193069455827628,2.54495395927139,1.3528387236340813,1.095525228707454,4.247211220701108,1.048583315689725,1.3845414693289038,2.3451637538815246,0.9259477865494297,1.2491333651956502,1.8243937056916741,3.3070820519962396,2.339653131249001,1.13454919082593,0.3931043699471284
12817732,1.6319042254702638,2.5967108005877706,2.313505457687627,2.417460066837902,0.2687049090905289,1.5326114857028776,2.4105079435053796,2.070751813440418,1.3016278363741332,2.0514559974826656,2.313936429377014,0.4508811185162351,2.0116289696212784,0.39484372287967345,1.5158606224923574,1.9870911198624759,1.480783887402959,1.396662338146846,0.41132381736060497,5.323888869580042,0.5121064220808437,2.3540846443705536,0.2863299370344127,1.6332242204998786,1.4922217556149135,1.9328020091917233,3.6274693011651404,1.4320090224708606,0.0,2.8038717460239124,1.5783494710864874,0.47680438181707574,2.6760131288288926,1.4509861651889684,4.098186749000718,1.9071213148247346,0.44953760990122593,2.4374072344147857,1.2136744871294296,4.804458204420717,4.7626646999383615,5.071749491054557,1.4370682456066137,2.4691985728164862,0.8807982151796397,2.995660671327086,3.66227755048275,4.985068225581491,2.6497652205700377,1.5282502717931141,0.6107967469474679,1.4608302901866888,1.6625522499658765,0.6021543643292298,0.7164939180316673,2.2971538468545574,1.5293535819981308,2.7699465091087134,2.365638869269434,5.672412283909141,1.5956787244479993,1.9877494307208623,1.7290770271950586,0.568403210243895,2.4699253286608647,0.7644926890792723,4.739086391181309,1.8856638395255911,1.713271638656997,1.571367097747876
12818917,3.8418292264724263,1.3600155835597785,2.8372951409128073,2.342183982488579,2.7938603504406228,4.177434056996773,3.37615238397604,3.4231664036109697,2.8181645323896416,1.0989037985520205,0.7569574806237731,2.4982172557733238,1.071786164436797,3.1883536049895502,4.139304992620803,4.004016213077694,3.2117611320016333,2.9742407911166953,2.5151851648540426,4.39016688100405,3.0340548634320466,1.095183688973166,3.047904159875026,4.1034795871245695,2.846755137050232,2.773431675408048,4.888586581621847,3.086141006695095,2.8038717460239124,0.0,2.3266921867624033,2.359183542292775,1.519311462218958,3.133354376233862,5.219629696025475,4.094814273569578,2.989921993953617,4.177794167256766,3.959875224051554,4.521984494086917,5.316204987598687,5.820497785181465,2.9189009993340886,4.156822844117183,2.1300311910240404,1.8596078765507738,4.978304268279767,5.38925921842642,3.9313767383418257,3.3906048302081255,3.0861000696493455,2.306520066784203,4.111759918427675,2.2775100654352682,3.5189121826320995,2.960119716823915,1.6932342192258567,4.042937334188199,4.113862757810483,5.985718049084815,2.079338986430986,1.9160654012539011,4.531886817917711,3.033086283821897,2.8833839311904144,3.5459094149659665,5.38327184311754,0.9198408972931554,4.09302814813585,2.7887940859597604
12822922,1.6417148353076627,1.3948738110552956,0.813624030317972,0.8470964352776484,1.7956620300400803,2.225217735428734,1.1675816187428525,1.1059682841159701,0.5943883370702611,2.248681390998423,2.2886698286461997,1.7144872971027558,2.177331663441775,1.8901977424450778,2.1702205103237326,1.7172715074361462,0.942871014303405,0.7126026317350591,1.6883844000214103,3.745674632222137,2.0822718316997593,1.3594532161081774,1.8452455940035815,2.009887606947154,0.5452119631422919,0.526582064681618,2.6734857275599087,0.8205255628040472,1.5783494710864874,2.3266921867624033,0.0,1.2299345135520705,1.390975929839408,0.8657820343923415,3.071252450943774,1.85368116926966,2.0180655803717094,1.8511038132410058,2.665843078084721,3.2689583025519537,3.4680366331943095,3.875792501280861,0.6386719656052036,1.83087238695561,1.8069666980717896,1.5863336697512334,2.7484533099468185,3.6393075515807958,1.6603201060179122,1.1304428319819444,1.3367842667137984,0.11982014301150537,2.002477541673567,1.1001684206429283,2.0321618996754527,0.8567196546381244,2.145521553975612,1.7812339728052093,1.7874099827039556,4.314783760918658,0.24735378900860813,0.5730345906045967,2.9539189881082817,1.3121200227016663,0.9539175432791672,2.216703041047509,3.4829546063719183,1.6863253950158499,1.943206116043081,0.46769741454296737
12823210,1.7645819941627194,2.127951059520151,2.02027839027238,2.0361607961260515,0.602837499049732,1.8648623134989508,2.2188924939152774,1.9476574028017952,1.1234663679763204,1.70459436184134,1.9279442532100266,0.48624276842929975,1.6546624862898174,0.870734082565258,1.8360434898457214,2.067210204034134,1.4124805545395107,1.259272108302486,0.4586429125549451,4.946796676537572,0.9015536297735027,1.8781529349494008,0.758010415359487,1.8798627350138617,1.2955122269752029,1.6636136202936191,3.5658182398283382,1.3283632355900334,0.47680438181707574,2.359183542292775,1.2299345135520705,0.0,2.2135100164118278,1.3605759969773912,4.019116906810958,2.046090199366003,0.8384184975854921,2.4522193022052425,1.6902961675729526,4.497779314670091,4.587726166228272,4.939379546855862,1.2729511872889838,2.470028966106959,0.70710213677212,2.5461662744879434,3.6145051596690494,4.788602046416275,2.5505557188212142,1.5148822571921385,0.7929824856088958,1.1102511943467148,1.9004764946033756,0.13969549750004498,1.1695046801523006,2.0298923040255152,1.280418635850412,2.6753658873951967,2.378977959126084,5.473082452736254,1.1950183255328009,1.563229476396373,2.18994348644419,0.7371066708810118,2.170271155312056,1.2407093871710928,4.580191204889851,1.449398071565844,1.922082291590525,1.3462414587105886
12824780,3.0225830931581865,0.16879043956522402,1.517997309745175,0.9451511149134338,2.8090306881439377,3.607945703519926,2.092347096369116,2.2841466957497234,1.985331577636002,2.1227073042173967,1.9422607411176818,2.603302062393837,2.0555080184913512,3.0538947970349075,3.5545528169876275,3.0488980991703176,2.314584196113881,2.0952919625769866,2.596040779964822,3.0574116094759796,3.1058813541790067,0.5317330585394469,2.9623072057562525,3.400734430186578,1.9136390981239273,1.6165286525139404,3.526808092630698,2.198113560081392,2.6760131288288926,1.519311462218958,1.390975929839408,2.2135100164118278,0.0,2.240895016488211,3.8042590828903986,3.2156753497186097,3.0446201792034193,3.0622352233143593,3.8746031852532075,3.029397921075233,3.8089866876776557,4.324816582263025,2.016428508070613,3.021329873745393,2.452966241534732,0.4080475082630916,3.626736464722652,3.8725222143135016,2.6680088026132536,2.5005268418434596,2.6396893526603002,1.4505814279057567,3.3928000504674816,2.0783570142319165,3.2817498442918804,1.6604702229459496,2.4132694764047007,2.7614819377379876,3.0113883222977638,4.466525657045436,1.2087514374847437,0.8179470707961355,4.2664528511540905,2.6024942977639856,1.5109595387523753,3.416245838422754,3.8833511076598435,1.5153170578603965,3.330273254668722,1.8138227689167568
12824950,0.781785298029321,2.25663036243635,1.118351081113859,1.514531851362572,1.7184763979470203,1.458435438951627,0.9999752579759703,0.6206262042854449,0.3179699445611196,2.858429178563661,2.9750398992549996,1.7881219907293777,2.793455514751405,1.5998886033364876,1.3981478627906665,0.8707888008892294,0.07879249343169654,0.15944910077145993,1.7499500647464024,4.191168827701391,1.9376117350065447,2.2197210927330437,1.6288205558474076,1.1822429928151168,0.32727421510167926,0.7568095637463909,2.2072660979993994,0.04724227208257118,1.4509861651889684,3.133354376233862,0.8657820343923415,1.3605759969773912,2.240895016488211,0.0,2.66642737346469,0.9884602817879459,1.881176231863513,1.1251040795310945,2.2161434702199045,3.499989965831414,3.316390701580628,3.6215980986029788,0.22711487102162628,1.1307129829437317,2.0656819861255675,2.3864441584272167,2.2541493770397842,3.547175119540027,1.2039560490124077,0.26507806817690943,0.9212923932363768,0.845388626422096,1.1679251195762714,1.2944642547281888,1.5838165402508746,1.0353849438023657,2.583660813044204,1.326522956136768,1.0531015364108347,4.234147271877152,1.09496133148415,1.4282763443267859,2.3260375250760448,0.9352421203535117,1.2683984298206243,1.8245116432977468,3.2891808123982917,2.3856158179626106,1.0938648255575478,0.432047081782028
12829871,2.6418462033299934,3.9286547679943955,2.3900417090087083,2.8871953490444118,4.36679542788988,3.350718368605657,1.904697424695667,2.073914898403422,2.901131229071284,5.319061193426355,5.335897608625247,4.4544077489535345,5.2473188347029724,4.168676846890333,3.29955347362658,2.2521151270102435,2.6250691941958295,2.75988285521896,4.41605035709452,3.494856125523127,4.554451474532476,4.127431090208582,4.234025101732064,2.9635406521591188,2.7462863948514062,2.5475108384356906,0.48392302788999114,2.69455796401455,4.098186749000718,5.219629696025475,3.071252450943774,4.019116906810958,3.8042590828903986,2.66642737346469,0.0,2.4594080862660035,4.50401395772597,1.733701662449927,4.560285933697433,2.359693899419132,1.0988077461467272,1.0798291985013164,2.750950950936449,1.6800666150160304,4.716461406510715,3.6350808334761973,0.49199226158418197,1.4146554221514358,1.4689509857814884,2.5718192220917726,3.513884657482919,3.151124246590118,2.9187226378347333,3.9388435054768314,4.028989626939326,2.2795616990830654,5.176732466611883,1.3438371963175422,1.7954943341635021,1.9679478282015792,3.2883775504881916,3.3209715821931476,4.337971435567271,3.544414834535881,2.3362783816093797,4.28767367617073,0.9631439507860754,4.738833061264125,2.7931164763493586,2.7269195089747704
12830721,0.28168635494751987,3.2397151879071617,1.917048151187192,2.4196723691144313,2.154287118562098,0.9049734003071691,1.5239732509425568,1.095965834416086,1.2878743120998233,3.7050642881658695,3.8673799764114296,2.3426594951481774,3.6462426633535814,1.84154358299087,0.8493238508303449,0.25883795998658904,0.9108754883088318,1.145024364092945,2.30157261328955,4.806246807908091,2.260888388612729,3.2076625993327417,1.94582071397832,0.5106934687913692,1.3103417151414154,1.6422534201429981,1.9778382503180107,1.0344759090933313,1.9071213148247346,4.094814273569578,1.85368116926966,2.046090199366003,3.2156753497186097,0.9884602817879459,2.4594080862660035,0.0,2.2237103806673004,0.7471133415700806,2.1070540629442243,3.9433174705336302,3.366640877422282,3.5252961265582847,1.2152968894689815,0.8152424878520531,2.7233894984996145,3.328573436011489,1.9738628345687745,3.648782651936133,1.2952633842530066,0.7234219793494181,1.3037950541107457,1.8320523143361644,0.4672270526188962,2.035681664428246,1.6241740852804674,1.791396654627376,3.3264480699244343,1.3624629051820756,0.7018024705295067,4.30826299078621,2.082864708143852,2.4103648491282357,1.9070007667594255,1.3533794162689488,2.035843522107014,1.877446983594484,3.2916822178399467,3.299130822622027,0.33825752176643514,1.4035566946712064
12830879,1.9618679170208515,2.951552007974131,2.7624836805155555,2.8503957813530634,0.23604259735722763,1.6863656210372044,2.8535157705194343,2.5017422591621403,1.748261047537389,2.1085988722951186,2.412793206627193,0.4936778049920264,2.0829306123182123,0.39693263502984855,1.6858390319449907,2.3379025614279016,1.9047435321937358,1.837132709848085,0.4823207287637441,5.7607105232431,0.06434560772783163,2.6796040262838545,0.27835386967253384,1.8751300340927766,1.939459701074121,2.3823049679810047,4.02836570686192,1.865534342368341,0.44953760990122593,2.989921993953617,2.0180655803717094,0.8384184975854921,3.0446201792034193,1.881176231863513,4.50401395772597,2.2237103806673004,0.0,2.814225086530345,0.9755971342463212,5.253573343810675,5.197379875818841,5.493991931217943,1.8811047592993566,2.852194254020464,0.890120559011573,3.383612783764298,4.05721459335185,5.424364738582049,3.069804543306725,1.9335992005095821,0.9901577130627236,1.8994277928581609,1.9110599471911565,0.9776018833347256,0.7316317067427418,2.746678782192653,1.510314093122176,3.1877218799695894,2.744154471880482,6.111707916759388,2.0183218589286107,2.3982004223533724,1.60849961168842,0.9606772453306722,2.9186545750206294,0.6183214833076986,5.169719005650838,2.0757648171879173,1.9846902026697755,2.0202579578145383
12831905,0.9081526423343881,3.1242197201629875,1.5881773505819152,2.1594773608828173,2.701969839233575,1.6520852717438632,1.0569555114000115,0.779899470475005,1.430629219493588,3.980579351441039,4.083850461623237,2.834555071024308,3.9147340871402467,2.4592985411381454,1.5962572143168958,0.519939054321363,1.0584365366415844,1.2669196393954498,2.7942172460947248,4.197388314994965,2.8601786431603387,3.1781192304402324,2.5384439267319157,1.2577163575529888,1.3485232596239132,1.4539269722745376,1.2497806051991367,1.1672602261941314,2.4374072344147857,4.177794167256766,1.8511038132410058,2.4522193022052425,3.0622352233143593,1.1251040795310945,1.733701662449927,0.7471133415700806,2.814225086530345,0.0,2.8285895005049566,3.267215651533057,2.6196377955501653,2.78770263174809,1.2983233971407768,0.07624977030662743,3.158442410239492,3.0837626371342766,1.2598321769925753,2.903124752062551,0.6251088412516457,0.9373391520796179,1.8320316939938244,1.8777383342006906,1.2143403845804515,2.402645314843061,2.2986076447542105,1.4438547509912598,3.7023857513837006,0.6562813108048987,0.07324160750269017,3.5611704881798456,2.0984559016832804,2.3248219316628926,2.653879941621335,1.870068412193036,1.6609965495579888,2.556988231859865,2.5450075740959326,3.487494249578655,1.0852943788096223,1.3921638128770082
12833398,1.922522903734076,3.8030018778741876,3.2819690791040736,3.51015009594941,1.1670854383466764,1.2744199425380225,3.2071579719392216,2.783995960098799,2.220866426467618,3.0778245428620856,3.3871935088031018,1.462351851521071,3.054837395496247,0.8233610725317507,1.3100858983874741,2.308870197934791,2.204276372854035,2.242671067982728,1.4446913563013175,6.363748606752478,0.9394485679465103,3.5675762888521336,0.9352977924382614,1.6225143719703774,2.4025836930193956,2.892526309246263,4.076802388652351,2.221510879810153,1.2136744871294296,3.959875224051554,2.665843078084721,1.6902961675729526,3.8746031852532075,2.2161434702199045,4.560285933697433,2.1070540629442243,0.9755971342463212,2.8285895005049566,0.0,5.716114059297981,5.40742270729628,5.614822726329182,2.3124348916498247,2.886658307118993,1.8635857450485844,4.175611325603389,4.0785393146455835,5.669220124178474,3.253612193416358,2.1469833647658865,1.3498833295531454,2.5586021156731893,1.667358964346095,1.8144604464461922,0.6432041345242774,3.2267019428290964,2.4649804643438493,3.353359824699166,2.77014411708366,6.346706371743851,2.7388424983055635,3.1466082344047295,0.6968923802285771,1.3635296249135553,3.439720029997573,0.45858283803031213,5.350276517021442,3.042346058964529,1.7843555076478432,2.508424733610354
12833924,3.9711924545490067,3.1975678972683097,2.4911408764175453,2.5352130998337588,5.0436842920287726,4.791382572282361,2.5193416802061184,2.9613761050564475,3.530685205490558,5.1007416786883555,4.960474605798517,4.9831727653255955,5.029413605027046,5.05178759079485,4.729361373467157,3.684498923260099,3.5144977078654285,3.481779910933624,4.956421144977204,1.1483511350314732,5.316519008073522,3.540466895568549,5.044289836719177,4.41421727542983,3.340026872454842,2.8732655535671014,2.526535752561548,3.49518407921008,4.804458204420717,4.521984494086917,3.2689583025519537,4.497779314670091,3.029397921075233,3.499989965831414,2.359693899419132,3.9433174705336302,5.253573343810675,3.267215651533057,5.716114059297981,0.0,1.4993054869829832,2.029872183556611,3.4185448893183437,3.1909660744954778,5.0464844930745585,2.6629629835587796,2.6276308488660987,1.3228001857787435,2.6559622396902656,3.5940411450253498,4.394162826767119,3.3882536188948413,4.37792621479019,4.369114496515271,5.0812690997504,2.513606481793487,5.248156663765752,2.6109345129558594,3.283993847872906,1.640531425469263,3.3485504240411963,3.095788491911778,5.763723441679521,4.394871806670314,2.335535735673344,5.315275480260381,1.6614235927356722,4.469813064711638,4.254035472098799,3.246214457442174
12837962,3.497343156890884,3.960402730050472,2.672730481196296,3.01490562357116,5.027667912495252,4.271558782994589,2.3690794049420085,2.6961983346730483,3.4778704688808997,5.63248375123265,5.580733565103824,5.058162768613506,5.559042302143637,4.905103605649992,4.215270481995146,3.1292123945209505,3.296541228664739,3.3674372881258616,5.023376811053148,2.637070280042606,5.254001124939606,4.234980472152307,4.943875157415534,3.876987116960858,3.296011250172988,2.956470520555664,1.4762201045651078,3.332074020107795,4.7626646999383615,5.316204987598687,3.4680366331943095,4.587726166228272,3.8089866876776557,3.316390701580628,1.0988077461467272,3.366640877422282,5.197379875818841,2.6196377955501653,5.40742270729628,1.4993054869829832,0.0,0.5634975096006672,3.333898314425191,2.5518420648671953,5.246311800067841,3.538171112374575,1.5359828943337037,0.3158683365398857,2.1583646682833426,3.2970963687024657,4.227620078996065,3.571318468958306,3.833822409217986,4.484115598829698,4.826301897275288,2.6115346735744507,5.610903499260748,2.054523872184526,2.6666719973385913,0.9421607865910832,3.638888228867869,3.545008771328019,5.273515726513582,4.247314688228358,2.5613329581518163,5.0822006003521,0.16835525163837362,5.013021192744325,3.7046427597689977,3.241654701132642
12839728,3.6923195315700292,4.471814058923026,3.1055614709581882,3.4959943330700787,5.339739292899101,4.422743908005205,2.7339358363690485,3.0049443511533473,3.817255412326715,6.081549483366885,6.049446612469188,5.396970930238105,6.0083309705692125,5.177861308268584,4.370340101643525,3.307558505630597,3.5914312500707593,3.692330054994815,5.360421221247757,3.147583801849683,5.547657914827251,4.731690872169966,5.2309520944608465,4.032910797165362,3.6445379309934554,3.3532004235516197,1.5505610789732913,3.64317306338661,5.071749491054557,5.820497785181465,3.875792501280861,4.939379546855862,4.324816582263025,3.6215980986029788,1.0798291985013164,3.5252961265582847,5.493991931217943,2.78770263174809,5.614822726329182,2.029872183556611,0.5634975096006672,0.0,3.66903546993148,2.7282515318770253,5.617452561808343,4.07039960579438,1.5714347986407615,0.7183567693545284,2.424193129419905,3.565392917488906,4.509096931308211,3.9720904053422794,3.9883560897101242,4.8448898205307005,5.063872332708884,3.027737282598461,6.020046823236756,2.307154741205816,2.844810282892621,0.9738898512449159,4.063830809149527,4.0068680134611165,5.41411266262961,4.534477109597437,3.009013420727351,5.32231271811341,0.4466874116775836,5.470979444578005,3.861467240657174,3.603488147041509
12841528,1.006557265579194,2.0301372638025326,0.9742570412431599,1.3166271394679272,1.6981072470794343,1.6507670220204376,0.9735139438534042,0.6770381202388264,0.15019346441722273,2.6857451535140724,2.7860559931525684,1.7288627506554133,2.619031059448609,1.6384197430421774,1.5919977331952408,1.0896106345131764,0.3044539103034985,0.08375749041218417,1.6929144046366507,4.060142109508807,1.9408101706915701,1.993719270759198,1.6460170956743747,1.395288189547362,0.10866252001065815,0.59080155572252,2.306241498663554,0.18232325832668406,1.4370682456066137,2.9189009993340886,0.6386719656052036,1.2729511872889838,2.016428508070613,0.22711487102162628,2.750950950936449,1.2152968894689815,1.8811047592993566,1.2983233971407768,2.3124348916498247,3.4185448893183437,3.333898314425191,3.66903546993148,0.0,1.2943304642063165,1.9656404719685887,2.1712588149104755,2.362133603584165,3.54994211793437,1.2823457491512955,0.4918957147071173,0.9757889606331197,0.6214665780973019,1.3835075247758248,1.1879820243967731,1.6710807313616047,0.9144441532790634,2.4478165652557573,1.4078654420454138,1.2285380348055575,4.237103376305767,0.8693114128609208,1.2023238292041585,2.4778194672443266,0.9768203466321902,1.130503980915958,1.8984247862958705,3.31807030845192,2.1913796347834396,1.3148626892501556,0.22298158071443558
12842664,0.9643730392015596,3.0866393730136488,1.5377136910441358,2.1120207119493215,2.734922972704636,1.7198519448044376,0.9978373776886907,0.7451004173913357,1.430406301701027,3.9796679048153187,4.076540133171635,2.8605064052965656,3.9132058166715806,2.5017162307269714,1.6634284291684533,0.5808863740508458,1.0671158690563922,1.2675984117567516,2.820381470724927,4.122391295765799,2.8991735393105467,3.1484849012659306,2.5774188406916845,1.3252036868335655,1.3389040242234107,1.4189767962058206,1.1964359711307044,1.1713644577302116,2.4691985728164862,4.156822844117183,1.83087238695561,2.470028966106959,3.021329873745393,1.1307129829437317,1.6800666150160304,0.8152424878520531,2.852194254020464,0.07624977030662743,2.886658307118993,3.1909660744954778,2.5518420648671953,2.7282515318770253,1.2943304642063165,0.0,3.1769384563957663,3.0346418062368805,1.2117281602092946,2.8336132454527196,0.5503813591857455,0.9570461776564204,1.8667523535718964,1.8621512664471342,1.282187004902626,2.416478366904504,2.349245989536427,1.3927847270568943,3.712949582632453,0.5800318964879154,0.11659394113573954,3.493711878618148,2.0780850688281762,2.2930994888735814,2.7221845341707587,1.9032660206380365,1.6056562731688129,2.6078695509726106,2.479404392170024,3.4785851653665683,1.1529225663802305,1.3766082827589132
12842800,2.4421450393427957,2.3286731616606304,2.6202723775552554,2.5227350983499384,0.7427155193825172,2.4132696218338094,2.8856517921531,2.6426365974778743,1.815447179045378,1.2198709576592046,1.5236386696340019,0.44359331805321073,1.1928830815377545,1.1822773020379858,2.396576291013285,2.7624961206434913,2.118996658100307,1.9584854025976923,0.47780680061559694,5.386124440126994,0.9242308405879094,2.004077286008336,1.0273792324892626,2.5002617990980918,1.977049979924006,2.294278231070703,4.267504389716833,2.03223502106243,0.8807982151796397,2.1300311910240404,1.8069666980717896,0.70710213677212,2.452966241534732,2.0656819861255675,4.716461406510715,2.7233894984996145,0.890120559011573,3.158442410239492,1.8635857450485844,5.0464844930745585,5.246311800067841,5.617452561808343,1.9656404719685887,3.1769384563957663,0.0,2.8355948389567134,4.318233260958628,5.433553457720892,3.247588157906044,2.2211838761895635,1.4285811549745129,1.693665380115979,2.5267598356839955,0.7776586582234581,1.5441854985980406,2.6520344352931646,0.6507807828431876,3.37291686488466,3.085209592176181,6.11361226639794,1.6983552897687346,1.9842180199783133,2.4931924514871513,1.3757626020633813,2.7601028226905395,1.4945107743370405,5.247222431742424,1.2371505980250785,2.5660499849019276,2.0139746110847465
12844152,3.1618966481247957,0.5700888592137829,1.49725074913853,0.9263239269334308,3.147586262514642,3.806649584709235,2.058882052066842,2.3228776384729843,2.166773376666081,2.5275083186289047,2.336431876722046,2.9592398286792996,2.460957130537279,3.362236827924548,3.750333325915238,3.138536399653949,2.4546300666780874,2.2538563137657506,2.94904947524227,2.64985073395675,3.4460978908962843,0.9380637645131997,3.281295279858929,3.5664180729939394,2.0637272265707414,1.6891241185779708,3.4011552459929177,2.3475670524272796,2.995660671327086,1.8596078765507738,1.5863336697512334,2.5461662744879434,0.4080475082630916,2.3864441584272167,3.6350808334761973,3.328573436011489,3.383612783764298,3.0837626371342766,4.175611325603389,2.6629629835587796,3.538171112374575,4.07039960579438,2.1712588149104755,3.0346418062368805,2.8355948389567134,0.0,3.506525082982547,3.5769546528606586,2.6243534090934024,2.6344756605153314,2.89711483410523,1.6682410236520886,3.5537616885723144,2.408086599083854,3.565378194129669,1.642558030672399,2.8190144332298,2.7041326072310823,3.0403941416620914,4.146522173959212,1.4503527446224331,1.0383465266270342,4.52595122416667,2.86493423902051,1.447836483624377,3.717421366041406,3.6249030869240246,1.9231194998332124,3.479194125541884,1.954611151932834
12845345,2.165615645349154,3.736460355846617,2.144884069404376,2.6866009217168645,3.9300459708460838,2.8610829000073363,1.6068780666931823,1.6919604815425666,2.5110994787983567,4.991990472561111,5.03459690972326,4.03437969186287,4.921569172658066,3.712170933923086,2.8105250707593123,1.7740179385471093,2.205783294817294,2.3613899389692974,3.9951988138150805,3.7270007287160474,4.105701678011398,3.8988104506746954,3.7842325074939183,2.4754293232843656,2.3706611127420967,2.2378691578311627,0.11395124524485606,2.286280730432149,3.66227755048275,4.978304268279767,2.7484533099468185,3.6145051596690494,3.626736464722652,2.2541493770397842,0.49199226158418197,1.9738628345687745,4.05721459335185,1.2598321769925753,4.0785393146455835,2.6276308488660987,1.5359828943337037,1.5714347986407615,2.362133603584165,1.2117281602092946,4.318233260958628,3.506525082982547,0.0,1.8484615245900056,1.0940908700486294,2.134529668799811,3.0681842992266732,2.816614627319061,2.430506680249847,3.54312649793909,3.558416432615229,2.0183824253153935,4.807316855242927,0.9700150514199365,1.3249571571898378,2.4395212261198878,2.9786619789436815,3.0630841236094963,3.8465296310579378,3.101652000593688,2.120862192189801,3.816747607118377,1.4188027760892195,4.433034480795958,2.3057007473355156,2.3659562977742974
12848131,3.768742862838789,4.029344192944222,2.8321843906189534,3.126779244001644,5.2478002278116005,4.552737847398171,2.5778238899082795,2.930054115733519,3.690776164678036,5.762042468654078,5.692370137464797,5.264507578688059,5.688611522888499,5.14344169822158,4.49557312404325,3.4071253919701845,3.5321106858639544,3.5884667727902344,5.230774899491799,2.4299207092177597,5.4821923056615605,4.321367393320575,5.175895050897848,4.1580395380079285,3.50519085811948,3.1392771225355225,1.7854943443093687,3.5600127418510294,4.985068225581491,5.38925921842642,3.6393075515807958,4.788602046416275,3.8725222143135016,3.547175119540027,1.4146554221514358,3.648782651936133,5.424364738582049,2.903124752062551,5.669220124178474,1.3228001857787435,0.3158683365398857,0.7183567693545284,3.54994211793437,2.8336132454527196,5.433553457720892,3.5769546528606586,1.8484615245900056,0.0,2.4156164067092036,3.5438588468292407,4.464492828111969,3.746758493476347,4.115373775615614,4.680170100366118,5.0788040147311815,2.7842916190339464,5.771979675141312,2.3177924059391533,2.9472265082066995,0.6873691657519878,3.7964233096182314,3.6719556938637967,5.555355536814708,4.481636282258373,2.7098383018278818,5.333087014263358,0.464656203722308,5.136558906822773,3.9860173258435556,3.443759287388015
12850047,1.3671843236163852,2.75583628280868,1.1500212855827445,1.7276511247410467,2.9182046455986965,2.1756746053462717,0.5757308760649952,0.6055695975347984,1.4324763660872408,3.8990211952647176,3.9489396082011456,2.9907538271162153,3.8288542794848883,2.7579534430313486,2.115579028588344,1.0381215344396568,1.1690664253725715,1.291304786809709,2.9529397457169084,3.5723016524394637,3.123514460258053,2.8730853733136668,2.8072917525402983,1.7859540918588475,1.2819840642563076,1.1625310929715837,1.0288771276456103,1.2294583056522557,2.6497652205700377,3.9313767383418257,1.6603201060179122,2.5505557188212142,2.6680088026132536,1.2039560490124077,1.4689509857814884,1.2952633842530066,3.069804543306725,0.6251088412516457,3.253612193416358,2.6559622396902656,2.1583646682833426,2.424193129419905,1.2823457491512955,0.5503813591857455,3.247588157906044,2.6243534090934024,1.0940908700486294,2.4156164067092036,0.0,1.1445514804081887,2.085835720037524,1.724385735912032,1.7464249509963718,2.470018814339358,2.667962481052245,1.0081225184268643,3.71835912526936,0.12576705368100302,0.6315897197516113,3.094545220728226,1.8955070788668074,2.01971013278852,3.1726981318760132,2.1104440082596057,1.1767891946159308,2.924075672323964,2.112995532941593,3.3466374230443434,1.6187824084273283,1.2724777115223436
12850713,0.5274313950749363,2.519389436868858,1.304768482775631,1.7466918551193937,1.7964432237634376,1.2615663704123274,1.0747665651882334,0.6382906518255436,0.5726926043443084,3.0792999699031385,3.2105759177740114,1.9060235875709695,3.0161014804277326,1.6135281096942529,1.1995588809935191,0.6160368748777448,0.1875975187399427,0.42272389863309046,1.866195015339985,4.339425030046366,1.9853730305744157,2.4847302102658224,1.6667221143126805,0.9513601751887921,0.5886678178302513,0.9730465958256123,2.0993562884020567,0.31136197965121265,1.5282502717931141,3.3906048302081255,1.1304428319819444,1.5148822571921385,2.5005268418434596,0.26507806817690943,2.5718192220917726,0.7234219793494181,1.9335992005095821,0.9373391520796179,2.1469833647658865,3.5940411450253498,3.2970963687024657,3.565392917488906,0.4918957147071173,0.9570461776564204,2.2211838761895635,2.6344756605153314,2.134529668799811,3.5438588468292407,1.1445514804081887,0.0,0.9447184675448421,1.1099144350191141,0.9320456829093131,1.4676689418558988,1.5373496316808142,1.2027635829821521,2.770526320497547,1.258585364491144,0.8640982836116219,4.22762507437993,1.3599336158485735,1.6904044240588791,2.1812237095788074,0.9730890113230753,1.4454306653797144,1.789876531623686,3.2566616568440736,2.626848441509189,0.8469219295637253,0.6870240770960684
12850837,1.0255177676956033,2.5969207869223285,1.9356658134416072,2.171531455628278,0.8710882703317439,1.0925877079028206,1.9185510245234048,1.534443417128395,0.8734846121041555,2.497333424782664,2.7117287878611824,1.0389045772188015,2.4466121826639404,0.6791813576104024,1.0574618683491706,1.3762975392261956,0.9323832858300706,0.9134352730405966,0.9978114101144976,5.014240227779975,1.0409367282479205,2.428925904586103,0.7220551179695203,1.0878050753861694,1.0591774271997914,1.5454822452786074,3.038340883872904,0.9147432307332302,0.6107967469474679,3.0861000696493455,1.3367842667137984,0.7929824856088958,2.6396893526603002,0.9212923932363768,3.513884657482919,1.3037950541107457,0.9901577130627236,1.8320316939938244,1.3498833295531454,4.394162826767119,4.227620078996065,4.509096931308211,0.9757889606331197,1.8667523535718964,1.4285811549745129,2.89711483410523,3.0681842992266732,4.464492828111969,2.085835720037524,0.9447184675448421,0.0,1.238117635663646,1.1097766900730177,0.8287879419730046,0.7071016081744512,1.8877599548461883,2.0519942217603324,2.2019430675749394,1.7609092089946612,5.1508388047811495,1.447040912610481,1.8588225398448066,1.6296326630940507,0.05591407886227366,2.0938932315446137,0.9236289609165576,4.1934858198301175,2.20146396951865,1.1395361935612633,1.1617013649688093
12851884,1.6080751927496626,1.4417195962699894,0.9269417901478371,0.9602001003846458,1.6764186749537835,2.157547143181764,1.2521815769674727,1.1529745563008873,0.5504531379115973,2.175478039130208,2.231163811563222,1.5950130494253518,2.104961042660211,1.7772287631008903,2.103983453308455,1.710667059273172,0.9239539639257103,0.6872685348554336,1.5687567244144796,3.863078156897428,1.9636676948162026,1.3760280779141811,1.729389055622959,1.958981247099912,0.5412019275089636,0.6188905235026367,2.744740013429336,0.7986707022463121,1.4608302901866888,2.306520066784203,0.11982014301150537,1.1102511943467148,1.4505814279057567,0.845388626422096,3.151124246590118,1.8320523143361644,1.8994277928581609,1.8777383342006906,2.5586021156731893,3.3882536188948413,3.571318468958306,3.9720904053422794,0.6214665780973019,1.8621512664471342,1.693665380115979,1.6682410236520886,2.816614627319061,3.746758493476347,1.724385735912032,1.1099144350191141,1.238117635663646,0.0,1.9540302452182747,0.9808908690621626,1.9278406409151765,0.9625036947898135,2.048005782866845,1.8470875916905112,1.811864854123533,4.423807645329102,0.2529001817746497,0.6379680321940742,2.8616501244308803,1.2108846225180028,1.0698632739807115,2.107562481151154,3.5832292199294127,1.629086527500482,1.9013981003266183,0.4856899156682181
12852848,0.4250047200895075,3.3946334924867143,2.2279431230293842,2.67727790558615,1.8829269315197494,0.4377491804166,1.908897832167843,1.4626983539892715,1.4084058168112634,3.6015957257003812,3.801120057277779,2.1126471218410576,3.5487682907265294,1.5157181797878256,0.3825748482003535,0.71220144585613,1.102520805559296,1.3018691397654207,2.072465585232736,5.205409183819463,1.9390902042907425,3.312886870799949,1.6407289124284614,0.04510713694078172,1.4903650475833465,1.905091223972556,2.438995492548053,1.2062034322713713,1.6625522499658765,4.111759918427675,2.002477541673567,1.9004764946033756,3.3928000504674816,1.1679251195762714,2.9187226378347333,0.4672270526188962,1.9110599471911565,1.2143403845804515,1.667358964346095,4.37792621479019,3.833822409217986,3.9883560897101242,1.3835075247758248,1.282187004902626,2.5267598356839955,3.5537616885723144,2.430506680249847,4.115373775615614,1.7464249509963718,0.9320456829093131,1.1097766900730177,1.9540302452182747,0.0,1.9217906780884728,1.2453849672502388,2.116595221201042,3.1592502673628564,1.8207933349454233,1.1681492562953217,4.7754810510132835,2.205770954681382,2.57509387965105,1.4400389285693773,1.1652060859076145,2.361995918235292,1.4859009301672066,3.7587203286985735,3.263889427327423,0.1293795629868342,1.5992462333059034
12853372,1.755670487525264,1.995582786092004,1.8974905281318382,1.899255070741437,0.7422411214095251,1.917160379023212,2.1173978478874127,1.864986237031215,1.0377886598266315,1.6817418570745621,1.883820230132464,0.6147405847070427,1.6275407217582294,0.9918867360931761,1.8845506244293992,2.0393253371647493,1.3515908237659127,1.1820243669211483,0.5901730969845077,4.809159069682095,1.04087925414497,1.7534394984470254,0.8869842460421851,1.9041371902819662,1.2012757809638335,1.5475883771822794,3.4910157856310096,1.2591713908937532,0.6021543643292298,2.2775100654352682,1.1001684206429283,0.13969549750004498,2.0783570142319165,1.2944642547281888,3.9388435054768314,2.035681664428246,0.9776018833347256,2.402645314843061,1.8144604464461922,4.369114496515271,4.484115598829698,4.8448898205307005,1.1879820243967731,2.416478366904504,0.7776586582234581,2.408086599083854,3.54312649793909,4.680170100366118,2.470018814339358,1.4676689418558988,0.8287879419730046,0.9808908690621626,1.9217906780884728,0.0,1.2740529200328004,1.912354017264507,1.3046839484061277,2.595393908393229,2.3295025688209186,5.363463172326251,1.0572263861223514,1.4235644059357888,2.2943327503784996,0.7733880968893767,2.0457683797536346,1.361289865334807,4.480129581558793,1.378381668163707,1.9341293492831904,1.24379597434042
12854239,1.3961454275838105,3.2216931440089924,2.6391174005655778,2.873356270593377,0.803501898869136,0.9656080821447435,2.5808217424276703,2.167928130973927,1.577726699205114,2.7494713288807198,3.0238100502563214,1.1015709127498032,2.713717076309828,0.36271311014962754,0.9720942609780647,1.7882518935055611,1.5774347140448906,1.6027059919863946,1.0702246056093887,5.72055454157464,0.7405607499081166,3.01230538409451,0.517895106650897,1.2048265590656402,1.7600380505299482,2.2495074174525422,3.545606298451009,1.5864268080399304,0.7164939180316673,3.5189121826320995,2.0321618996754527,1.1695046801523006,3.2817498442918804,1.5838165402508746,4.028989626939326,1.6241740852804674,0.7316317067427418,2.2986076447542105,0.6432041345242774,5.0812690997504,4.826301897275288,5.063872332708884,1.6710807313616047,2.349245989536427,1.5441854985980406,3.565378194129669,3.558416432615229,5.0788040147311815,2.667962481052245,1.5373496316808142,0.7071016081744512,1.9278406409151765,1.2453849672502388,1.2740529200328004,0.0,2.5855241747166895,2.1914722331648493,2.774264220950619,2.2344626327691395,5.7608902146802645,2.119142614642045,2.530005005498619,1.0207644233311242,0.7229872686089287,2.7969795586385895,0.2587310624683063,4.778116293649761,2.601570763866262,1.3391027134651656,1.8653989888283655
12854450,1.693405816546739,1.7482640110195993,0.14551975960811295,0.7256243775875794,2.543678599012402,2.464327268237939,0.4325071955638976,0.709319752912414,1.018209897781251,3.0627897602130987,3.0598589844713624,2.5143326974045457,2.9900107049401816,2.5386402019505394,2.4023171629359834,1.5666378619254993,1.0709279624927588,0.9847273334204389,2.483729084775234,3.1560636259062793,2.8089334449190564,1.8824549253348313,2.5314210549298157,2.141248252734768,0.8290188624241347,0.36728781078976247,1.9286443921262915,1.0193069455827628,2.2971538468545574,2.960119716823915,0.8567196546381244,2.0298923040255152,1.6604702229459496,1.0353849438023657,2.2795616990830654,1.791396654627376,2.746678782192653,1.4438547509912598,3.2267019428290964,2.513606481793487,2.6115346735744507,3.027737282598461,0.9144441532790634,1.3927847270568943,2.6520344352931646,1.642558030672399,2.0183824253153935,2.7842916190339464,1.0081225184268643,1.2027635829821521,1.8877599548461883,0.9625036947898135,2.116595221201042,1.912354017264507,2.5855241747166895,0.0,3.000140146127808,1.1056599934618048,1.403857647925665,3.4621316527153945,1.036242860343174,1.0466044190467128,3.360884687011351,1.8852491716523563,0.24580291636864654,2.8113174770515608,2.628845445131995,2.4666671546498433,2.0151671101678335,0.7326396831171617
12856401,3.0448844811250746,2.262610559149614,2.940818786275665,2.719854817896019,1.3880723349442188,3.061745432674486,3.29500127307113,3.1156279250801857,2.300751362022314,0.640173724879491,0.9851244293400774,1.09377369261562,0.6393889189450499,1.82886126315813,3.0436770530635617,3.3425737231515122,2.645833888762569,2.4569941401928657,1.1285429824008706,5.453346645299121,1.534051656716779,1.9004853655487965,1.673666910747992,3.1347229066699778,2.4369978153741885,2.666873654203473,4.747039010709367,2.54495395927139,1.5293535819981308,1.6932342192258567,2.145521553975612,1.280418635850412,2.4132694764047007,2.583660813044204,5.176732466611883,3.3264480699244343,1.510314093122176,3.7023857513837006,2.4649804643438493,5.248156663765752,5.610903499260748,6.020046823236756,2.4478165652557573,3.712949582632453,0.6507807828431876,2.8190144332298,4.807316855242927,5.771979675141312,3.71835912526936,2.770526320497547,2.0519942217603324,2.048005782866845,3.1592502673628564,1.3046839484061277,2.1914722331648493,3.000140146127808,0.0,3.844006956182129,3.62944127478257,6.43958017683856,1.9755566876792838,2.1554064621065656,3.1184001869172757,1.9974488835891184,3.062895200168739,2.1261566703004786,5.628326044314948,0.944891533529833,3.1912359322616983,2.4499134310735555
12857530,1.4539182598344085,2.853538647492681,1.2448665887952572,1.8181264493910478,3.038518266589484,2.253818080597035,0.6743361336180669,0.731234197207154,1.5579687838360332,4.0222177211908425,4.069442555504789,3.1140844912281773,3.951910249661616,2.8718962609168193,2.1945757726784056,1.1089210897593742,1.289850804903866,1.4160976389618942,3.0761391230528203,3.554036842229517,3.2409277431607553,2.9796681528120486,2.923832184104705,1.8614769901687436,1.4077303521547946,1.2787369267727609,0.903425770764913,1.3528387236340813,2.7699465091087134,4.042937334188199,1.7812339728052093,2.6753658873951967,2.7614819377379876,1.326522956136768,1.3438371963175422,1.3624629051820756,3.1877218799695894,0.6562813108048987,3.353359824699166,2.6109345129558594,2.054523872184526,2.307154741205816,1.4078654420454138,0.5800318964879154,3.37291686488466,2.7041326072310823,0.9700150514199365,2.3177924059391533,0.12576705368100302,1.258585364491144,2.2019430675749394,1.8470875916905112,1.8207933349454233,2.595393908393229,2.774264220950619,1.1056599934618048,3.844006956182129,0.0,0.6761151504669466,2.993365994823335,2.014817887560899,2.1289736064818343,3.2540447845775584,2.227639871788961,1.260105161222489,3.0311661320187007,2.003970294027534,3.467299079641319,1.6921233970673084,1.3975668729415835
12860191,0.847974921995979,3.0707333721862935,1.547298416504555,2.1149446147919493,2.630480321729145,1.6056100395229025,1.0277303651046,0.7272767376356248,1.3597394766621371,3.9094676536037665,4.014471451554044,2.761824413042056,3.843771541113184,2.3908669845193544,1.5488196397936642,0.46452216982007194,0.9859607309271079,1.1958892943259418,2.7215116113921303,4.200818519086589,2.790458305073598,3.119159785695831,2.468695316944498,1.2109005047357715,1.2805848448029975,1.399577375205655,1.311701982197608,1.095525228707454,2.365638869269434,4.113862757810483,1.7874099827039556,2.378977959126084,3.0113883222977638,1.0531015364108347,1.7954943341635021,0.7018024705295067,2.744154471880482,0.07324160750269017,2.77014411708366,3.283993847872906,2.6666719973385913,2.844810282892621,1.2285380348055575,0.11659394113573954,3.085209592176181,3.0403941416620914,1.3249571571898378,2.9472265082066995,0.6315897197516113,0.8640982836116219,1.7609092089946612,1.811864854123533,1.1681492562953217,2.3295025688209186,2.2344626327691395,1.403857647925665,3.62944127478257,0.6761151504669466,0.0,3.6086743205461915,2.0347020955623663,2.2675010345254245,2.6081632621907556,1.7985676055453064,1.625542396184364,2.493014577853571,2.5952283149419104,3.4186829861135775,1.0387992716226786,1.3266078539898005
12861171,4.439062796025862,4.627870185105802,3.5043158645475114,3.768666087420692,5.935046225266584,5.213230073990543,3.2646654452509662,3.616500853579609,4.377651416811398,6.408773210521385,6.324761259357606,5.950018270857713,6.335476681294104,5.8296334326293815,5.157104281851643,4.071357893070907,4.218479017188274,4.2758254366792325,5.916493369491354,2.584414951644333,6.169498101463966,4.935410302880593,5.862935621294794,4.818734085704432,4.191692740211835,3.81995055934179,2.3925827864928735,4.247211220701108,5.672412283909141,5.985718049084815,4.314783760918658,5.473082452736254,4.466525657045436,4.234147271877152,1.9679478282015792,4.30826299078621,6.111707916759388,3.5611704881798456,6.346706371743851,1.640531425469263,0.9421607865910832,0.9738898512449159,4.237103376305767,3.493711878618148,6.11361226639794,4.146522173959212,2.4395212261198878,0.6873691657519878,3.094545220728226,4.22762507437993,5.1508388047811495,4.423807645329102,4.7754810510132835,5.363463172326251,5.7608902146802645,3.4621316527153945,6.43958017683856,2.993365994823335,3.6086743205461915,0.0,4.465015123884485,4.322112249789371,6.214921773441727,5.168355095976301,3.3770809893407416,6.015854791730955,1.0260449202550381,5.779900341608332,4.646355677695964,4.129157416227399
12861201,1.8608210448244584,1.1924283115830803,0.9663413165154421,0.8432155133285203,1.7875363800194013,2.4009224373257654,1.3843377887956634,1.3508288623072302,0.8033435489511167,2.0327273066723133,2.0559620205114126,1.6656674343933013,1.9604972644704761,1.9384241319622812,2.3483484467283273,1.9557811985500664,1.1732081480666858,0.9378611654929486,1.6444230856625304,3.751934178531397,2.082570506354615,1.1248181919959381,1.8746570055486003,2.2101411788447893,0.7827424496275462,0.7426478839761794,2.900880808031415,1.048583315689725,1.5956787244479993,2.079338986430986,0.24735378900860813,1.1950183255328009,1.2087514374847437,1.09496133148415,3.2883775504881916,2.082864708143852,2.0183218589286107,2.0984559016832804,2.7388424983055635,3.3485504240411963,3.638888228867869,4.063830809149527,0.8693114128609208,2.0780850688281762,1.6983552897687346,1.4503527446224331,2.9786619789436815,3.7964233096182314,1.8955070788668074,1.3599336158485735,1.447040912610481,0.2529001817746497,2.205770954681382,1.0572263861223514,2.119142614642045,1.036242860343174,1.9755566876792838,2.014817887560899,2.0347020955623663,4.465015123884485,0.0,0.41206498486583915,3.0764304495524044,1.4145874525264222,1.08794268040035,2.2828809354913746,3.6620156179548036,1.4547959131051194,2.1541155147095385,0.7126681718946914
12861405,2.2088089386147907,0.8293508155693525,0.9309615374583382,0.5648454650295214,2.1642395277771733,2.7940767931890114,1.4601876798197324,1.5481214279345543,1.1673857714345441,2.090242726094365,2.042822594704166,2.0144330579475107,2.016795235694776,2.3408230653732387,2.739894897146412,2.2566259222151976,1.5033680542131722,1.2798444327883949,1.9975010720493618,3.408967479719963,2.4620304769282897,0.8582286902042454,2.270241700050196,2.5828224409774223,1.1018143879540434,0.8768634415306731,2.9747403854800205,1.3845414693289038,1.9877494307208623,1.9160654012539011,0.5730345906045967,1.563229476396373,0.8179470707961355,1.4282763443267859,3.3209715821931476,2.4103648491282357,2.3982004223533724,2.3248219316628926,3.1466082344047295,3.095788491911778,3.545008771328019,4.0068680134611165,1.2023238292041585,2.2930994888735814,1.9842180199783133,1.0383465266270342,3.0630841236094963,3.6719556938637967,2.01971013278852,1.6904044240588791,1.8588225398448066,0.6379680321940742,2.57509387965105,1.4235644059357888,2.530005005498619,1.0466044190467128,2.1554064621065656,2.1289736064818343,2.2675010345254245,4.322112249789371,0.41206498486583915,0.0,3.487938325315377,1.8266358024546727,1.0016148803602731,2.6896322085009787,3.5866023248036996,1.468012528231256,2.51395576988114,1.0071587279463472
12862860,1.8074176963565851,4.217044864629926,3.4424088953127208,3.7674923849965376,1.7605879165771559,1.002648288985917,3.25071516010879,2.8040030581779654,2.4235833823864006,3.7129702441528543,4.0065772838632885,2.066042540982816,3.684000229271859,1.34444981052582,1.06039524705563,2.1495525316152246,2.291212396276696,2.397742432444088,2.041182740137253,6.514610263998029,1.5851118261126116,4.023445006136084,1.4894290775984997,1.3973220437083327,2.581139849922303,3.067445516464453,3.8637287789076997,2.3451637538815246,1.7290770271950586,4.531886817917711,2.9539189881082817,2.18994348644419,4.2664528511540905,2.3260375250760448,4.337971435567271,1.9070007667594255,1.60849961168842,2.653879941621335,0.6968923802285771,5.763723441679521,5.273515726513582,5.41411266262961,2.4778194672443266,2.7221845341707587,2.4931924514871513,4.52595122416667,3.8465296310579378,5.555355536814708,3.1726981318760132,2.1812237095788074,1.6296326630940507,2.8616501244308803,1.4400389285693773,2.2943327503784996,1.0207644233311242,3.360884687011351,3.1184001869172757,3.2540447845775584,2.6081632621907556,6.214921773441727,3.0764304495524044,3.487938325315377,0.0,1.6645115696417687,3.59407752613671,0.9998064462317513,5.196533559711888,3.6126316312793296,1.569368727281946,2.695129525743511
12863424,1.0741857173086946,2.557182640689258,1.9291242778223578,2.1508389483989654,0.8319139293351957,1.14664547255826,1.9286587005890714,1.5520800219792206,0.8680436086738408,2.441425952347194,2.6560597752629636,0.9902555299778367,2.390699238946538,0.6660334688054519,1.112134211322067,1.4203457379392517,0.9507788693609044,0.9178771439013693,0.9491544911079618,5.0034341443917825,1.0132951600279223,2.3843787248867034,0.6974371863376843,1.1434577912715083,1.056251165405248,1.538802486889648,3.0701859211109044,0.9259477865494297,0.568403210243895,3.033086283821897,1.3121200227016663,0.7371066708810118,2.6024942977639856,0.9352421203535117,3.544414834535881,1.3533794162689488,0.9606772453306722,1.870068412193036,1.3635296249135553,4.394871806670314,4.247314688228358,4.534477109597437,0.9768203466321902,1.9032660206380365,1.3757626020633813,2.86493423902051,3.101652000593688,4.481636282258373,2.1104440082596057,0.9730890113230753,0.05591407886227366,1.2108846225180028,1.1652060859076145,0.7733880968893767,0.7229872686089287,1.8852491716523563,1.9974488835891184,2.227639871788961,1.7985676055453064,5.168355095976301,1.4145874525264222,1.8266358024546727,1.6645115696417687,0.0,2.0875437497003793,0.9294867596500525,4.215211478124029,2.146981075666754,1.1938308321427191,1.156012371930667
12864242,1.9390394441381213,1.6158346279332116,0.15849102592443642,0.5666571300026203,2.7081807660335446,2.70663827244244,0.6137876999351514,0.9486564841329463,1.22041256554056,3.0746431106657104,3.0433802274881736,2.6565139070885446,3.001295082829906,2.731341716169816,2.6447767121249135,1.80866508497875,1.3081777246126864,1.2052629429672248,2.6281335459955777,2.929875298264487,2.9817879270075567,1.7916419147444214,2.714804837679047,2.3863774351813625,1.0372165957494244,0.5487456476941955,2.023875224575438,1.2491333651956502,2.4699253286608647,2.8833839311904144,0.9539175432791672,2.170271155312056,1.5109595387523753,1.2683984298206243,2.3362783816093797,2.035843522107014,2.9186545750206294,1.6609965495579888,3.439720029997573,2.335535735673344,2.5613329581518163,3.009013420727351,1.130503980915958,1.6056562731688129,2.7601028226905395,1.447836483624377,2.120862192189801,2.7098383018278818,1.1767891946159308,1.4454306653797144,2.0938932315446137,1.0698632739807115,2.361995918235292,2.0457683797536346,2.7969795586385895,0.24580291636864654,3.062895200168739,1.260105161222489,1.625542396184364,3.3770809893407416,1.08794268040035,1.0016148803602731,3.59407752613671,2.0875437497003793,0.0,3.016649691942112,2.594152361654988,2.4619811827435,2.2609191529186927,0.9321936989633484
12865028,1.6535186572789646,3.345669336519483,2.8582890703052803,3.062869664482901,0.761320181032276,1.172275424067707,2.823900415378757,2.416905163381115,1.7964474834503266,2.7138539353574895,3.0070143844912067,1.0664842941529429,2.6843190439852527,0.36998599814801447,1.187395034718771,2.04576316611021,1.8222684743521853,1.8335377561704251,1.0423757978394583,5.931774563799438,0.6055061157790608,3.114608537670581,0.4985518581952904,1.444020357320814,1.982802748134575,2.4679700955406574,3.8042576594457294,1.8243937056916741,0.7644926890792723,3.5459094149659665,2.216703041047509,1.2407093871710928,3.416245838422754,1.8245116432977468,4.28767367617073,1.877446983594484,0.6183214833076986,2.556988231859865,0.45858283803031213,5.315275480260381,5.0822006003521,5.32231271811341,1.8984247862958705,2.6078695509726106,1.4945107743370405,3.717421366041406,3.816747607118377,5.333087014263358,2.924075672323964,1.789876531623686,0.9236289609165576,2.107562481151154,1.4859009301672066,1.361289865334807,0.2587310624683063,2.8113174770515608,2.1261566703004786,3.0311661320187007,2.493014577853571,6.015854791730955,2.2828809354913746,2.6896322085009787,0.9998064462317513,0.9294867596500525,3.016649691942112,0.0,5.035128324605554,2.62612432555488,1.5850056572960336,2.084661306719143
12866253,3.4335159516664935,4.031766601670545,2.6982272795655606,3.0667162363963487,5.0054532934414695,4.196273502233066,2.3627526784995285,2.6686599413269905,3.4639779184221116,5.668764506495266,5.627166116205251,5.04604692953716,5.59540324224328,4.8687816364759104,4.141006068157311,3.059400289593211,3.2655168011292894,3.3477234038276937,5.010550310716956,2.801961688181233,5.225338096933469,4.296947227420168,4.912580943969381,3.8023684750928015,3.285397034234831,2.9655558279548973,1.3676170705361985,3.3070820519962396,4.739086391181309,5.38327184311754,3.4829546063719183,4.580191204889851,3.8833511076598435,3.2891808123982917,0.9631439507860754,3.2916822178399467,5.169719005650838,2.5450075740959326,5.350276517021442,1.6614235927356722,0.16835525163837362,0.4466874116775836,3.31807030845192,2.479404392170024,5.247222431742424,3.6249030869240246,1.4188027760892195,0.464656203722308,2.112995532941593,3.2566616568440736,4.1934858198301175,3.5832292199294127,3.7587203286985735,4.480129581558793,4.778116293649761,2.628845445131995,5.628326044314948,2.003970294027534,2.5952283149419104,1.0260449202550381,3.6620156179548036,3.5866023248036996,5.196533559711888,4.215211478124029,2.594152361654988,5.035128324605554,0.0,5.053546072062235,3.629936632601648,3.2363365221277913
12866962,3.0324969540258677,1.3548608017140669,2.372125052520549,2.011472283186973,1.8755406353607942,3.2934383448618227,2.837429216042968,2.7819895452243526,2.0685647176269892,0.6326657849355674,0.6024534267081129,1.5826245180505683,0.5604081399145502,2.268741249636203,3.258907032519013,3.2416067706844256,2.4610782134529994,2.231879118673925,1.5980860181644412,4.572707781231783,2.1219112999470293,0.9863948786559271,2.1280669949984152,3.251390475230171,2.1397497413314865,2.197194792276493,4.355676130863809,2.339653131249001,1.8856638395255911,0.9198408972931554,1.6863253950158499,1.449398071565844,1.5153170578603965,2.3856158179626106,4.738833061264125,3.299130822622027,2.0757648171879173,3.487494249578655,3.042346058964529,4.469813064711638,5.013021192744325,5.470979444578005,2.1913796347834396,3.4785851653665683,1.2371505980250785,1.9231194998332124,4.433034480795958,5.136558906822773,3.3466374230443434,2.626848441509189,2.20146396951865,1.629086527500482,3.263889427327423,1.378381668163707,2.601570763866262,2.4666671546498433,0.944891533529833,3.467299079641319,3.4186829861135775,5.779900341608332,1.4547959131051194,1.468012528231256,3.6126316312793296,2.146981075666754,2.4619811827435,2.62612432555488,5.053546072062235,0.0,3.2582420257676605,2.1079005477750568
12867969,0.3235066594562743,3.337865000488369,2.1300736911451987,2.593148171648138,1.9431742171389996,0.5669323104342976,1.793981887771316,1.3501943171976343,1.3519554225125794,3.615870669979573,3.8051245515464833,2.160799409569223,3.5612436421743934,1.5922235336301884,0.5110719247471945,0.583293475613604,1.0245668711683207,1.2350911921229488,2.120191678115449,5.089511613740941,2.0157871489515746,3.2690368597099972,1.710889540855383,0.17243668134838117,1.4198614364953068,1.8173472685852732,2.312698693268065,1.13454919082593,1.713271638656997,4.09302814813585,1.943206116043081,1.922082291590525,3.330273254668722,1.0938648255575478,2.7931164763493586,0.33825752176643514,1.9846902026697755,1.0852943788096223,1.7843555076478432,4.254035472098799,3.7046427597689977,3.861467240657174,1.3148626892501556,1.1529225663802305,2.5660499849019276,3.479194125541884,2.3057007473355156,3.9860173258435556,1.6187824084273283,0.8469219295637253,1.1395361935612633,1.9013981003266183,0.1293795629868342,1.9341293492831904,1.3391027134651656,2.0151671101678335,3.1912359322616983,1.6921233970673084,1.0387992716226786,4.646355677695964,2.1541155147095385,2.51395576988114,1.569368727281946,1.1938308321427191,2.2609191529186927,1.5850056572960336,3.629936632601648,3.2582420257676605,0.0,1.5258069423383478
12868787,1.2118884001596688,1.8364283971945146,0.7740120383655174,1.0936746217185185,1.8236971376106734,1.8735471122837355,0.8736406208684884,0.6803128866521939,0.28823806950113745,2.635384249484839,2.7086495480400026,1.820860855977304,2.566359682681531,1.8061388307552542,1.814643016252068,1.253810920164393,0.5024654964265568,0.30664136119832813,1.7874449531903802,3.8566819247176807,2.081834669383824,1.8246378194148396,1.799814449219113,1.6125709715014518,0.11509415160515409,0.3841084793437308,2.300841627079799,0.3931043699471284,1.571367097747876,2.7887940859597604,0.46769741454296737,1.3462414587105886,1.8138227689167568,0.432047081782028,2.7269195089747704,1.4035566946712064,2.0202579578145383,1.3921638128770082,2.508424733610354,3.246214457442174,3.241654701132642,3.603488147041509,0.22298158071443558,1.3766082827589132,2.0139746110847465,1.954611151932834,2.3659562977742974,3.443759287388015,1.2724777115223436,0.6870240770960684,1.1617013649688093,0.4856899156682181,1.5992462333059034,1.24379597434042,1.8653989888283655,0.7326396831171617,2.4499134310735555,1.3975668729415835,1.3266078539898005,4.129157416227399,0.7126681718946914,1.0071587279463472,2.695129525743511,1.156012371930667,0.9321936989633484,2.084661306719143,3.2363365221277913,2.1079005477750568,1.5258069423383478,0.0
