,code,name,addr,latitude,longitude,remain_stat,stock_at,created_at
0,12829021,고은약국,서울특별시 은평구 은평로 8 (신사동),37.5967443,126.9097594,break,2020/05/15 08:55:00,2020/05/16 15:00:00
1,12865087,녹번온누리약국,서울특별시 은평구 통일로 626 유림빌딩 101호 (녹번동),37.6024806,126.9354251,break,2020/05/16 14:05:00,2020/05/16 15:00:00
2,11850167,봄약국,서울특별시 은평구 증산서길 73 (증산동),37.5831827,126.9060539,break,2020/05/16 13:41:00,2020/05/16 15:00:00
3,12863921,불광다올약국,서울특별시 은평구 통일로 728 1층 (불광동),37.6105799,126.9301915,break,2020/05/16 10:54:00,2020/05/16 15:00:00
4,11850353,세원약국,서울특별시 은평구 갈현로 8 (신사동),37.5985583,126.9104122,break,2020/05/16 09:09:00,2020/05/16 15:00:00
5,12817104,우리들약국,서울특별시 은평구 연서로 35 1층 (역촌동),37.6022741,126.915578,break,2020/05/16 10:36:00,2020/05/16 15:00:00
6,12862932,이층약국,"서울특별시 은평구 연서로 9 2층 205(상가)호 (역촌동, 센타폴리스)",37.6000995,126.9155684,break,2020/05/16 08:58:00,2020/05/16 15:00:00
7,12861341,연세희망약국,서울특별시 은평구 연서로 175 (갈현동),37.6145489,126.9175499,break,2020/05/16 09:57:00,2020/05/16 15:00:00
8,12813010,다정한약국,"서울특별시 은평구 역말로 40 (역촌동, 무궁화빌딩)",37.6056698,126.9147139,break,2020/05/16 08:57:00,2020/05/16 15:00:00
9,12843440,수약국,서울특별시 은평구 은평로 193-2 (녹번동),37.6021329,126.9289299,break,2020/05/14 17:25:00,2020/05/16 15:00:00
10,12809101,예진약국,"서울특별시 은평구 갈현로 81 (역촌동, 그린빌딩)",37.6053183,126.9103195,break,2020/05/16 13:51:00,2020/05/16 15:00:00
11,12809080,정다운약국,서울특별시 은평구 진흥로 137 1층 (대조동),37.6082769,126.9251043,break,2020/05/13 18:37:00,2020/05/16 15:00:00
12,12827134,늘푸른약국,서울특별시 은평구 통일로 871 (갈현동),37.6205912,126.9197266,break,2020/05/13 11:32:00,2020/05/16 15:00:00
13,12844365,비타민약국,서울특별시 은평구 응암로 162 (응암동),37.586392,126.9161961,break,2020/05/13 14:01:00,2020/05/16 15:00:00
14,12852708,열린약국,서울특별시 은평구 은평로 197-2 (녹번동),37.6020126,126.9296154,break,2020/05/15 08:55:00,2020/05/16 15:00:00
15,11882140,온누리민생약국,서울특별시 은평구 통일로87길 5-10 1층 (갈현동),37.6228676,126.9188975,break,2020/05/15 08:45:00,2020/05/16 15:00:00
16,12806358,믿음메디칼약국,서울특별시 은평구 응암로 213 (응암동),37.5910163,126.9171406,break,2020/05/16 08:59:00,2020/05/16 15:00:00
17,12848891,올리브약국,서울특별시 은평구 응암로 308 (응암동),37.5987018,126.9213852,break,2020/05/16 10:20:00,2020/05/16 15:00:00
18,11889756,하나로약국,서울특별시 은평구 연서로 277-1 (불광동),37.6211546,126.9252099,break,2020/05/14 11:33:00,2020/05/16 15:00:00
19,12849928,베드로약국,서울특별시 은평구 통일로 709 (대조동),37.6091103,126.930805,break,2020/05/16 08:52:00,2020/05/16 15:00:00
20,12865559,시민약국,서울특별시 은평구 은평로 136 은경빌딩 104호 (응암동),37.6002712,126.9230552,break,2020/05/16 10:31:00,2020/05/16 15:00:00
21,12820954,청구프라자약국,서울특별시 은평구 통일로83길 5-6 (갈현동),37.6207009,126.919156,break,2020/05/15 18:42:00,2020/05/16 15:00:00
22,12849294,은평오렌지약국,"서울특별시 은평구 진관2로 29-21 113,114호 (진관동, 드림스퀘어)",37.6357288,126.9193479,break,2020/05/16 09:31:00,2020/05/16 15:00:00
23,11849525,선우약국,"서울특별시 은평구 은평로 52 (신사동, 명성빌딩)",37.598462,126.9136731,break,2020/05/16 11:15:00,2020/05/16 15:00:00
24,11849517,성환약국,서울특별시 은평구 진흥로1길 23 (역촌동),37.6025679,126.9184218,break,2020/05/16 09:14:00,2020/05/16 15:00:00
25,12866822,녹번건강약국,서울특별시 은평구 통일로 630-1 지하1층 B101-1호 (녹번동),37.6031576,126.937484,break,2020/05/16 09:31:00,2020/05/16 15:00:00
26,12831298,유성약국,"서울특별시 은평구 통일로 741 2층 (대조동, 이연빌딩)",37.6114224,126.9286013,break,2020/05/15 12:05:00,2020/05/16 15:00:00
27,12866369,민들레약국,서울특별시 은평구 응암로 179 1층 (응암동),37.5880594,126.9164849,break,2020/05/15 11:11:00,2020/05/16 15:00:00
28,12866661,안녕약국,서울특별시 은평구 불광로 119 불광빌딩 1층 (불광동),37.6175007,126.9329565,break,2020/05/16 13:53:00,2020/05/16 15:00:00
29,11835001,시장약국,서울특별시 은평구 연서로 257 (불광동),37.6201712,126.9232125,break,2020/05/16 09:47:00,2020/05/16 15:00:00
30,11848847,새우리약국,서울특별시 은평구 통일로 715 1층 (대조동),37.6094203,126.9303002,break,2020/05/16 10:56:00,2020/05/16 15:00:00
31,12866610,코코약국,"서울특별시 은평구 통일로 610 3층 310호 (녹번동, 힐스테이트 녹번)",37.6019869,126.9363536,empty,2020/03/16 10:21:00,2020/03/22 23:55:00
32,12809471,수정약국,서울특별시 은평구 응암로 328 (응암동),37.6001276,126.922593,empty,2020/05/16 08:06:00,2020/05/16 15:00:00
33,12866997,팜스토리약국,서울특별시 은평구 은평로 111 은평이마트 8층 (응암동),37.6008422,126.9205287,empty,2020/04/25 09:34:00,2020/04/26 23:55:00
34,12857254,미르약국,"서울특별시 은평구 백련산로 84 211호 (응암동, 백련산 힐스테이트 2차(211동상가))",37.5929895,126.9236269,empty,2020/05/16 09:01:00,2020/05/16 15:00:00
35,12843881,구파발성모약국,서울특별시 은평구 진관2로 12 메이플카운티2차 1층 108호 (진관동),37.6342833,126.9185383,empty,2020/05/16 09:02:00,2020/05/16 15:00:00
36,12867101,주차편한약국,"서울특별시 은평구 통일로 1030 은평헤스티아 지하1층 103,104호 (진관동)",37.6342661,126.9180072,empty,2020/05/16 08:39:00,2020/05/16 15:00:00
37,12825743,노벨온누리약국,"서울특별시 은평구 연서로 1 105호 (역촌동, 리더스파크)",37.599203,126.9153365,empty,2020/05/16 09:10:00,2020/05/16 15:00:00
38,12826774,한마음약국,서울특별시 은평구 은평터널로 196 (신사동),37.5958353,126.9091299,empty,2020/05/16 08:56:00,2020/05/16 15:00:00
39,12849286,푸른약국,서울특별시 은평구 서오릉로 203 (구산동),37.6138051,126.9108943,empty,2020/05/16 08:50:00,2020/05/16 15:00:00
40,11806257,건강밝은약국,서울특별시 은평구 연서로 216 (대조동),37.6178109,126.9201296,empty,2020/03/13 09:42:00,2020/03/15 23:55:00
41,12857149,은평메디칼약국,서울특별시 은평구 백련산로 91 (응암동),37.5938308,126.9229751,empty,2020/05/15 09:05:00,2020/05/16 15:00:00
42,12866831,봄햇살약국,서울특별시 은평구 통일로 833 1층 (대조동),37.6177019,126.9219834,empty,2020/03/31 11:18:00,2020/04/05 23:55:00
43,12858722,어진온누리약국,서울특별시 은평구 진관2로 19 107호 (진관동),37.6348535,126.9195847,empty,2020/05/16 09:33:00,2020/05/16 15:00:00
44,12837652,함께하는약국,서울특별시 은평구 수색로 264-1 (수색동),37.5826754,126.8950696,empty,2020/05/16 08:57:00,2020/05/16 15:00:00
45,11851244,메디칼약국,서울특별시 은평구 서오릉로2길 17-5 (녹번동),37.6025464,126.9284637,empty,2020/05/15 09:01:00,2020/05/16 15:00:00
46,12862096,뉴타운메디컬약국,"서울특별시 은평구 진관3로 70 821동 상가 115호 (진관동, 은평뉴타운상림마을)",37.6418179,126.9223747,empty,2020/05/16 09:06:00,2020/05/16 15:00:00
47,12804142,가람약국,"서울특별시 은평구 통일로 1030 은평헤스티아 1,2층 101, 201호호 (진관동)",37.6342557,126.9174362,empty,2020/05/14 16:49:00,2020/05/16 15:00:00
48,12868388,서울약국,서울특별시 은평구 갈현로 257 (갈현동),37.6199404,126.9158156,few,2020/05/16 08:10:00,2020/05/16 15:00:00
49,12853399,태정온누리약국,"서울특별시 은평구 진관2로 15-46 108,109호 (진관동, 메트로프라자)",37.638625,126.9190942,few,2020/05/16 08:35:00,2020/05/16 15:00:00
50,12815047,행복이꽃피는약국,서울특별시 은평구 가좌로 271 (신사동),37.5928489,126.9134313,few,2020/05/16 09:43:00,2020/05/16 15:00:00
51,11833840,장수약국,서울특별시 은평구 응암로 248 (응암동),37.5939952,126.9183289,few,2020/05/15 12:16:00,2020/05/16 15:00:00
52,12856975,백련산 허준약국,서울특별시 은평구 응암로 196 1층 (응암동),37.5893651,126.9172996,few,2020/05/13 09:33:00,2020/05/16 15:00:00
53,12857572,햇살약국,"서울특별시 은평구 진관4로 17 820동 1층 113호 (진관동, 은평뉴타운상림마을)",37.6440574,126.9227324,few,2020/05/16 13:54:00,2020/05/16 15:00:00
54,12834955,진호메디칼약국,서울특별시 은평구 통일로 723 (대조동),37.6100793,126.929735,plenty,2020/05/16 13:14:00,2020/05/16 15:00:00
55,12840076,보은당약국,서울특별시 은평구 응암로22길 28-6 1층 (응암동),37.5932885,126.9210758,plenty,2020/05/16 09:08:00,2020/05/16 15:00:00
56,12848832,행복한약국,서울특별시 은평구 응암로 248-1 (응암동),37.5941094,126.9183469,plenty,2020/05/14 16:55:00,2020/05/16 15:00:00
57,12847194,소망온누리약국,서울특별시 은평구 가좌로5길 22-1 (응암동),37.5869041,126.9203557,plenty,2020/05/15 10:36:00,2020/05/16 15:00:00
58,12847020,증산약국,서울특별시 은평구 증산로3길 6 (증산동),37.5808189,126.9056006,plenty,2020/05/16 11:32:00,2020/05/16 15:00:00
59,12840475,건강한약국,"서울특별시 은평구 진관2로 57 B105호 (진관동, 은평뉴타운우물골)",37.6343011,126.9232263,plenty,2020/05/16 11:19:00,2020/05/16 15:00:00
60,12831701,한겨레약국,서울특별시 은평구 연서로 219 (갈현동),37.6183423,126.9197474,plenty,2020/05/16 08:40:00,2020/05/16 15:00:00
61,12843555,새서울약국,서울특별시 은평구 서오릉로 134 1층 (대조동),37.6110266,126.9181024,plenty,2020/05/16 09:07:00,2020/05/16 15:00:00
62,12846180,초원약국,서울특별시 은평구 은평로10길 4 (응암동),37.5999831,126.9228255,plenty,2020/05/15 09:20:00,2020/05/16 15:00:00
63,12834602,홍약국,서울특별시 은평구 연서로 246 203호 (불광동),37.6190429,126.922554,plenty,2020/05/16 11:07:00,2020/05/16 15:00:00
64,12841901,연신내메디칼약국,"서울특별시 은평구 연서로 246 104호 (불광동, 타워크리닉)",37.6190367,126.9225504,plenty,2020/05/16 09:15:00,2020/05/16 15:00:00
65,12833941,명성약국,서울특별시 은평구 통일로 805 (대조동),37.6158729,126.9241005,plenty,2020/05/16 12:56:00,2020/05/16 15:00:00
66,12833142,불광우리들약국,서울특별시 은평구 통일로 710 (불광동),37.6093562,126.9312107,plenty,2020/05/16 08:55:00,2020/05/16 15:00:00
67,12841714,은평제일약국,서울특별시 은평구 불광로 60 104호 (불광동),37.6122936,126.932156,plenty,2020/05/16 08:46:00,2020/05/16 15:00:00
68,12841838,새응암온누리약국,서울특별시 은평구 응암로 183 1층 (응암동),37.5884362,126.9166107,plenty,2020/05/16 11:21:00,2020/05/16 15:00:00
69,12843598,솔약국,"서울특별시 은평구 진관4로 77 702동 113호 (진관동, 은평뉴타운상림마을)",37.6470955,126.9275219,plenty,2020/05/16 09:28:00,2020/05/16 15:00:00
70,12846694,불광온누리약국,서울특별시 은평구 통일로 732 (불광동),37.6108984,126.92991,plenty,2020/05/16 10:08:00,2020/05/16 15:00:00
71,12840513,가톨릭정문약국,서울특별시 은평구 통일로 1031 1층 102호 (진관동),37.634632,126.9167069,plenty,2020/05/16 10:17:00,2020/05/16 15:00:00
72,11800992,메디팜상록약국,서울특별시 은평구 서오릉로 191 1층 (구산동),37.613359,126.9122182,plenty,2020/05/16 09:50:00,2020/05/16 15:00:00
73,12850497,은평온누리약국,서울특별시 은평구 은평로 170 (응암동),37.601101,126.9266658,plenty,2020/05/14 11:21:00,2020/05/16 15:00:00
74,12862649,사랑약국,서울특별시 은평구 은평로 219 1층 (녹번동),37.6014186,126.9320938,plenty,2020/05/16 10:19:00,2020/05/16 15:00:00
75,12862851,365미소약국,"서울특별시 은평구 진관3로 11 1층 (진관동, 은평뉴타운 힐데스하임)",37.6394039,126.9182748,plenty,2020/05/16 11:24:00,2020/05/16 15:00:00
76,12863092,365구생약국,"서울특별시 은평구 통일로 739 1층 101호, 102호 (대조동)",37.6112565,126.928754,plenty,2020/05/16 10:04:00,2020/05/16 15:00:00
77,12864421,기린약국,서울특별시 은평구 서오릉로 79 아름빌딩 1층 (역촌동),37.6072861,126.9216987,plenty,2020/05/16 12:02:00,2020/05/16 15:00:00
78,12864838,참사랑약국,서울특별시 은평구 응암로 323 (응암동),37.6002002,126.9218733,plenty,2020/05/15 10:47:00,2020/05/16 15:00:00
79,12865044,바른약국,서울특별시 은평구 통일로 842 범서빌딩 2층 (불광동),37.618682,126.9220944,plenty,2020/05/16 11:53:00,2020/05/16 15:00:00
80,12865630,밝은약국,서울특별시 은평구 불광로 27 1층 (대조동),37.6107726,126.9288153,plenty,2020/05/14 10:04:00,2020/05/16 15:00:00
81,12866636,은혜성모약국,서울특별시 은평구 통일로 1030 은평헤스티아 103호 (진관동),37.6341902,126.9176679,plenty,2020/05/16 08:47:00,2020/05/16 15:00:00
82,12866717,은평천사약국,"서울특별시 은평구 통일로 1034 1,2층 135,136,137,226,227호 (진관동, 은평스카이뷰자이)",37.6353606,126.9175456,plenty,2020/05/16 08:37:00,2020/05/16 15:00:00
83,12866733,성모자이약국,"서울특별시 은평구 통일로 1034 1층 129,130,131호 (진관동, 은평스카이뷰자이)",37.6347141,126.9180351,plenty,2020/05/16 11:21:00,2020/05/16 15:00:00
84,12866750,가까운우리약국,서울특별시 은평구 통일로 1031 1층 101호 (진관동),37.6346447,126.9166424,plenty,2020/05/16 08:30:00,2020/05/16 15:00:00
85,12868256,애플약국,"서울특별시 은평구 진관2로 57-7 B106호 (진관동, 상가)",37.634302,126.923322,plenty,2020/05/16 12:11:00,2020/05/16 15:00:00
86,12868434,타운약국,서울특별시 은평구 통일로 855-8 연신내진원와이타운 102호 (갈현동),37.6191391,126.92021,plenty,2020/05/16 11:41:00,2020/05/16 15:00:00
87,12868515,우리사랑약국,"서울특별시 은평구 은평로 108 1층 103호 (응암동, 메트로럭스주상복합APT)",37.5997236,126.9198793,plenty,2020/05/16 09:37:00,2020/05/16 15:00:00
88,12868825,우리정다운약국,서울특별시 은평구 갈현로41길 10-1 (갈현동),37.6245986,126.916306,plenty,2020/05/16 10:20:00,2020/05/16 15:00:00
89,12862274,큰사랑온누리약국,서울특별시 은평구 서오릉로 149 (구산동),37.6116082,126.916228,plenty,2020/05/16 09:12:00,2020/05/16 15:00:00
90,12849791,아름다운달과별약국,"서울특별시 은평구 통일로 855-8 (갈현동, 연신내진원와이타운)",37.619077,126.920179,plenty,2020/05/16 09:55:00,2020/05/16 15:00:00
91,12861189,행복약국,"서울특별시 은평구 은평로 52-3 1층 (신사동, 홍인근생주택)",37.5983183,126.9138669,plenty,2020/05/16 12:10:00,2020/05/16 15:00:00
92,12859851,대학약국,서울특별시 은평구 통일로 1030 은평헤스티아 B101호 (진관동),37.6343253,126.9177538,plenty,2020/05/16 08:42:00,2020/05/16 15:00:00
93,12850608,조아약국,서울특별시 은평구 응암로 223 (응암동),37.5919794,126.9174155,plenty,2020/05/16 10:39:00,2020/05/16 15:00:00
94,12850730,예사랑온누리약국,서울특별시 은평구 갈현로11길 43 (역촌동),37.6047434,126.9058305,plenty,2020/05/14 12:53:00,2020/05/16 15:00:00
95,12850756,정온누리약국,서울특별시 은평구 서오릉로 196 (갈현동),37.6138287,126.9120303,plenty,2020/05/16 08:52:00,2020/05/16 15:00:00
96,12850900,곰약국,서울특별시 은평구 연서로 73 (역촌동),37.6056592,126.9150808,plenty,2020/05/16 11:29:00,2020/05/16 15:00:00
97,12851205,원약국,서울특별시 은평구 은평로 121 (응암동),37.6004992,126.9211054,plenty,2020/05/16 08:23:00,2020/05/16 15:00:00
98,12851540,청수약국,서울특별시 은평구 진흥로 150 (녹번동),37.6086482,126.9266623,plenty,2020/05/16 08:54:00,2020/05/16 15:00:00
99,12852627,대조약국,서울특별시 은평구 서오릉로 140 1층 (대조동),37.6113771,126.9175548,plenty,2020/05/15 15:45:00,2020/05/16 15:00:00
100,12852805,천사약국,서울특별시 은평구 통일로 856 (불광동),37.6197065,126.9216803,plenty,2020/05/15 18:45:00,2020/05/16 15:00:00
101,12853054,효제메디컬약국,서울특별시 은평구 서오릉로 204 (갈현동),37.6142068,126.911354,plenty,2020/05/15 09:05:00,2020/05/16 15:00:00
102,12855227,아람한약국,서울특별시 은평구 은평로 96 (응암동),37.5994441,126.9184658,plenty,2020/05/15 11:05:00,2020/05/16 15:00:00
103,12857807,연신종로약국,"서울특별시 은평구 연서로32길 3 (불광동, 남재빌딩)",37.6203711,126.9249783,plenty,2020/05/16 12:58:00,2020/05/16 15:00:00
104,12858986,하이팜약국,"서울특별시 은평구 통일로 1050 2층 (진관동, 롯데마트은평점)",37.6375366,126.9179003,plenty,2020/05/16 11:24:00,2020/05/16 15:00:00
105,12859010,맑은약국,"서울특별시 은평구 진관2로 57-7 253동 104호 (진관동, 은평뉴타운우물골)",37.63432,126.92296,plenty,2020/05/16 08:53:00,2020/05/16 15:00:00
106,12859168,디엠씨4번출구약국,"서울특별시 은평구 수색로 175 1층 003호 (증산동, 6호선 디지털미디어시티역)",37.5771615,126.9019286,plenty,2020/05/16 10:37:00,2020/05/16 15:00:00
107,12859818,유정약국,서울특별시 은평구 연서로 258 (불광동),37.619819,126.9233602,plenty,2020/05/16 09:34:00,2020/05/16 15:00:00
108,12859907,중앙약국,"서울특별시 은평구 통일로 875 (갈현동, 흥진빌딩)",37.6211525,126.9196585,plenty,2020/05/14 16:15:00,2020/05/16 15:00:00
109,12854557,은평자연약국,서울특별시 은평구 서오릉로 162 1층 103호 (갈현동),37.6126506,126.9153614,plenty,2020/05/16 10:37:00,2020/05/16 15:00:00
110,12824488,온누리새소망약국,"서울특별시 은평구 은평터널로 65 1-3, 2-2호 (수색동, 대림한숲타운아파트)",37.5866386,126.900332,plenty,2020/05/16 08:31:00,2020/05/16 15:00:00
111,12826014,태평양약국,서울특별시 은평구 통일로 863 (갈현동),37.6200404,126.9200222,plenty,2020/05/16 11:57:00,2020/05/16 15:00:00
112,11850671,홍문약국,서울특별시 은평구 통일로 724 (불광동),37.6103258,126.9303833,plenty,2020/05/16 08:04:00,2020/05/16 15:00:00
113,11851074,연도약국,서울특별시 은평구 은평로 144 (응암동),37.6004681,126.9237755,plenty,2020/05/15 18:14:00,2020/05/16 15:00:00
114,11851121,신보광사약국,서울특별시 은평구 통일로 725-2 (대조동),37.610383,126.9297194,plenty,2020/05/16 12:28:00,2020/05/16 15:00:00
115,11851163,메디팜경약국,서울특별시 은평구 응암로22길 15-1 (응암동),37.5937359,126.9199824,plenty,2020/05/16 08:58:00,2020/05/16 15:00:00
116,11851503,소원약국,서울특별시 은평구 수색로 256 (수색동),37.5822583,126.8962904,plenty,2020/05/16 09:44:00,2020/05/16 15:00:00
117,11859288,사랑온누리약국,서울특별시 은평구 서오릉로 46 (녹번동),37.604941,126.924488,plenty,2020/05/16 13:23:00,2020/05/16 15:00:00
118,11860006,신우리약국,서울특별시 은평구 가좌로 329 (신사동),37.5964027,126.9086504,plenty,2020/05/16 14:21:00,2020/05/16 15:00:00
119,11861568,왕약국,서울특별시 은평구 은평로 137 (응암동),37.600821,126.9229366,plenty,2020/05/16 08:09:00,2020/05/16 15:00:00
120,11850558,메디팜삼보약국,서울특별시 은평구 연서로 332 (불광동),37.6248384,126.9290034,plenty,2020/05/16 11:15:00,2020/05/16 15:00:00
121,11864524,열린프라자약국,"서울특별시 은평구 통일로 750 (불광동, 경일빌딩)",37.6123464,126.9286789,plenty,2020/05/16 08:59:00,2020/05/16 15:00:00
122,11868988,희망약국,서울특별시 은평구 서오릉로 138 (대조동),37.6111905,126.9178298,plenty,2020/05/16 13:19:00,2020/05/16 15:00:00
123,11871571,푸른솔약국,서울특별시 은평구 통일로87길 12 (갈현동),37.6235125,126.9184485,plenty,2020/05/16 13:31:00,2020/05/16 15:00:00
124,11872861,하늘약국,서울특별시 은평구 서오릉로 41-17 (녹번동),37.6044598,126.9239578,plenty,2020/05/16 10:53:00,2020/05/16 15:00:00
125,11872870,신세계약국,서울특별시 은평구 진흥로12길 3 (녹번동),37.6084107,126.9267111,plenty,2020/05/16 14:35:00,2020/05/16 15:00:00
126,11873027,조일약국,서울특별시 은평구 연서로34길 7 (불광동),37.6214385,126.9272339,plenty,2020/05/16 10:47:00,2020/05/16 15:00:00
127,11874058,상쾌한온누리약국,서울특별시 은평구 역말로 101 토마스빌딩 101호 (역촌동),37.6084548,126.9201662,plenty,2020/05/15 13:40:00,2020/05/16 15:00:00
128,11874465,온누리연세약국,서울특별시 은평구 연서로 181 1층 (갈현동),37.6150558,126.9176837,plenty,2020/05/15 14:01:00,2020/05/16 15:00:00
129,12826804,남대문약국,서울특별시 은평구 통일로87길 19 1층 (갈현동),37.62331,126.9175284,plenty,2020/05/16 08:13:00,2020/05/16 15:00:00
130,11868333,오온누리약국,서울특별시 은평구 진흥로 97 1층 (역촌동),37.6055838,126.922188,plenty,2020/05/13 09:58:00,2020/05/16 15:00:00
131,11877243,초록약국,서울특별시 은평구 수색로 191 (증산동),37.5782607,126.9010885,plenty,2020/05/16 07:40:00,2020/05/16 15:00:00
132,11850507,이정약국,서울특별시 은평구 갈현로33길 27 (갈현동),37.6214117,126.9135487,plenty,2020/05/16 08:51:00,2020/05/16 15:00:00
133,11849886,가나약국,"서울특별시 은평구 서오릉로 46 201동  상가 104호 (녹번동, 녹번2차 현대아파트)",37.605169,126.925006,plenty,2020/05/15 14:49:00,2020/05/16 15:00:00
134,11809663,속편한약국,서울특별시 은평구 갈현로 206 (갈현동),37.6157792,126.9137794,plenty,2020/05/16 07:16:00,2020/05/16 15:00:00
135,11821311,신바오로약국,"서울특별시 은평구 통일로 1030 은평헤스티아 1층 111,112호 (진관동)",37.6341902,126.9176679,plenty,2020/05/16 08:56:00,2020/05/16 15:00:00
136,11835974,수플러스온누리약국,서울특별시 은평구 연서로 146 (대조동),37.6118281,126.9177227,plenty,2020/05/16 13:27:00,2020/05/16 15:00:00
137,11837772,태평양리드팜약국,"서울특별시 은평구 응암로 235 (응암동, 대성빌딩)",37.5930236,126.9176259,plenty,2020/05/15 18:02:00,2020/05/16 15:00:00
138,11843241,청우약국,서울특별시 은평구 은평로9길 13 103호 (응암동),37.601428,126.921243,plenty,2020/05/16 09:42:00,2020/05/16 15:00:00
139,11845431,구세약국,서울특별시 은평구 응암로 181 (응암동),37.5882168,126.9165357,plenty,2020/05/16 12:30:00,2020/05/16 15:00:00
140,11848952,건강샘약국,서울특별시 은평구 갈현로 300 206호 (갈현동),37.623609,126.9174194,plenty,2020/05/16 09:01:00,2020/05/16 15:00:00
141,11848995,형제약국,서울특별시 은평구 가좌로 241 (응암동),37.5908603,126.9158871,plenty,2020/05/16 10:46:00,2020/05/16 15:00:00
142,11850264,응암프라자약국,서울특별시 은평구 응암로 192 (응암동),37.5889619,126.9172024,plenty,2020/05/16 09:45:00,2020/05/16 15:00:00
143,11849126,유진약국,서울특별시 은평구 서오릉로 166 유풍빌딩 1층 (갈현동),37.6127841,126.9152188,plenty,2020/05/16 14:18:00,2020/05/16 15:00:00
144,11849223,영창당약국,서울특별시 은평구 통일로 843 (대조동),37.6184302,126.9213277,plenty,2020/05/16 09:40:00,2020/05/16 15:00:00
145,11849240,은나라약국,서울특별시 은평구 갈현로 258 (갈현동),37.619909,126.9161402,plenty,2020/05/13 11:25:00,2020/05/16 15:00:00
146,11849533,메디팜대원약국,서울특별시 은평구 진흥로1길 2 (역촌동),37.6006007,126.918972,plenty,2020/05/16 09:39:00,2020/05/16 15:00:00
147,11849657,보건약국,서울특별시 은평구 증산로9길 3 1층 101호 (증산동),37.5846629,126.9098611,plenty,2020/05/16 08:19:00,2020/05/16 15:00:00
148,11849665,제안약국,서울특별시 은평구 연서로11길 19 (구산동),37.6084749,126.9132395,plenty,2020/05/14 10:02:00,2020/05/16 15:00:00
149,11849681,메디팜새경약국,서울특별시 은평구 갈현로 87 (역촌동),37.6057304,126.9103805,plenty,2020/05/16 09:29:00,2020/05/16 15:00:00
150,11849754,경하프라자약국,서울특별시 은평구 서오릉로 157 (구산동),37.6120074,126.9156356,plenty,2020/05/15 09:10:00,2020/05/16 15:00:00
151,11849797,신사새서울약국,서울특별시 은평구 은평로 29 (신사동),37.5982761,126.9110177,plenty,2020/05/16 09:57:00,2020/05/16 15:00:00
152,11849134,희래약국,서울특별시 은평구 서오릉로18길 6-17 (갈현동),37.6147391,126.9109775,plenty,2020/05/16 07:43:00,2020/05/16 15:00:00
153,11878282,연서메디칼약국,서울특별시 은평구 연서로 253-9 1층 (불광동),37.6201724,126.9228457,plenty,2020/05/15 12:24:00,2020/05/16 15:00:00
154,11876280,신명약국,서울특별시 은평구 은평로 226 (응암동),37.6008528,126.9327356,plenty,2020/05/16 10:46:00,2020/05/16 15:00:00
155,12805289,해맑은약국,서울특별시 은평구 응암로 188-1 (응암동),37.5887304,126.9171699,plenty,2020/05/16 08:58:00,2020/05/16 15:00:00
156,12823180,참조은약국,서울특별시 은평구 증산로 297 (증산동),37.5838223,126.9092374,plenty,2020/05/15 13:59:00,2020/05/16 15:00:00
157,12805874,서부새생명약국,서울특별시 은평구 역말로 72 (역촌동),37.6060947,126.9183069,plenty,2020/05/16 09:24:00,2020/05/16 15:00:00
158,12806030,제민약국,서울특별시 은평구 갈현로 253 (갈현동),37.6196729,126.9156503,plenty,2020/05/16 09:16:00,2020/05/16 15:00:00
159,12806439,미도파약국,서울특별시 은평구 응암로 264 서울빌딩 1층 (응암동),37.5953086,126.9188925,plenty,2020/05/16 09:06:00,2020/05/16 15:00:00
160,11879629,세종약국,서울특별시 은평구 불광로 25 (대조동),37.6106539,126.9287147,plenty,2020/05/15 10:55:00,2020/05/16 15:00:00
161,12820199,바로약국,서울특별시 은평구 통일로 723-1 제일쇼핑 2층 (대조동),37.6102073,126.9299858,plenty,2020/05/15 13:40:00,2020/05/16 15:00:00
162,12805653,큰사랑약국,서울특별시 은평구 응암로 166 (응암동),37.5867739,126.9164427,plenty,2020/05/16 08:28:00,2020/05/16 15:00:00
163,12819425,튼튼약국,서울특별시 은평구 진흥로 133 1층 101호 (대조동),37.6081928,126.924899,plenty,2020/05/15 09:43:00,2020/05/16 15:00:00
164,12808563,새종로약국,"서울특별시 은평구 응암로 226-1 (응암동, 한양빌딩)",37.5921756,126.9179426,plenty,2020/05/15 15:28:00,2020/05/16 15:00:00
165,12817562,대우약국,서울특별시 은평구 통일로 749 1층 (대조동),37.6119547,126.9281847,plenty,2020/05/16 14:26:00,2020/05/16 15:00:00
166,12810550,구산이화약국,서울특별시 은평구 서오릉로 217-5 (구산동),37.61428,126.9092213,plenty,2020/05/16 08:53:00,2020/05/16 15:00:00
167,12810789,성모제일약국,"서울특별시 은평구 통일로 1030 은평헤스티아 102, 202호 (진관동)",37.6341902,126.9176679,plenty,2020/05/16 08:58:00,2020/05/16 15:00:00
168,12811513,일호약국,서울특별시 은평구 서오릉로 211 (구산동),37.6140877,126.9102083,plenty,2020/05/16 11:18:00,2020/05/16 15:00:00
169,12814024,연신우리약국,서울특별시 은평구 통일로 839 1층 (대조동),37.618129,126.921664,plenty,2020/05/16 12:22:00,2020/05/16 15:00:00
170,12807826,청룡중앙약국,서울특별시 은평구 가좌로 233 연희타워 103호 (응암동),37.5904271,126.9164103,plenty,2020/05/16 10:06:00,2020/05/16 15:00:00
171,12813982,건강한세상약국,서울특별시 은평구 증산로15길 7 (증산동),37.5887053,126.9120306,plenty,2020/05/15 11:34:00,2020/05/16 15:00:00
172,12813338,기림약국,서울특별시 은평구 응암로22길 8 (응암동),37.5936246,126.9188497,plenty,2020/05/16 08:46:00,2020/05/16 15:00:00
173,12805114,은평프라자약국,서울특별시 은평구 증산로15길 6 (신사동),37.5889596,126.912327,plenty,2020/05/15 11:07:00,2020/05/16 15:00:00
174,11879963,세계로약국,서울특별시 은평구 불광로 54 (불광동),37.6118226,126.9315014,plenty,2020/05/16 10:48:00,2020/05/16 15:00:00
175,12824607,우리약국,서울특별시 은평구 불광로 104 (불광동),37.6160285,126.9331306,plenty,2020/05/15 10:55:00,2020/05/16 15:00:00
176,11880007,고일약국,서울특별시 은평구 증산로3길 8 (증산동),37.5811308,126.9055298,plenty,2020/05/16 08:58:00,2020/05/16 15:00:00
177,11885831,은평이화약국,서울특별시 은평구 응암로22길 22 (응암동),37.5933495,126.9204573,plenty,2020/05/16 09:16:00,2020/05/16 15:00:00
178,11886986,성실약국,서울특별시 은평구 갈현로11길 26 지층 (구산동),37.605127,126.9077511,plenty,2020/05/16 09:27:00,2020/05/16 15:00:00
179,11887010,한솔약국,서울특별시 은평구 갈현로 14 (신사동),37.5991159,126.9104628,plenty,2020/05/16 09:12:00,2020/05/16 15:00:00
180,11887770,메디팜승윤약국,서울특별시 은평구 가좌로 325 (신사동),37.5962375,126.908986,plenty,2020/05/16 13:37:00,2020/05/16 15:00:00
181,11888326,조은약국,"서울특별시 은평구 진관4로 48-17 103호 (진관동, 은평뉴타운상림마을821동상가)",37.6450933,126.9279913,plenty,2020/05/16 10:15:00,2020/05/16 15:00:00
182,12869449,동산약국,서울특별시 은평구 통일로87길 5 (갈현동),37.6232676,126.9192078,plenty,2020/05/16 13:45:00,2020/05/16 15:00:00
183,11898241,예일태평양약국,서울특별시 은평구 연서로 137 (구산동),37.6111701,126.9168592,plenty,2020/05/16 08:34:00,2020/05/16 15:00:00
184,11899191,불광프라자약국,서울특별시 은평구 불광로 17 (대조동),37.6100644,126.9280749,plenty,2020/05/16 07:55:00,2020/05/16 15:00:00
185,12823511,조은백화점약국,서울특별시 은평구 응암로 201 (응암동),37.5900075,126.916903,plenty,2020/05/16 13:06:00,2020/05/16 15:00:00
186,12803952,큰솔약국,서울특별시 은평구 연서로 12 청암빌딩 (역촌동),37.6001319,126.9164244,plenty,2020/05/15 12:53:00,2020/05/16 15:00:00
187,11888687,수민약국,"서울특별시 은평구 연서로 222 102호 (대조동, 유니온빌딩)",37.6181534,126.9203896,plenty,2020/05/16 10:59:00,2020/05/16 15:00:00
188,11837276,제일프라자약국,"서울특별시 은평구 갈현로 82 303호 (역촌동, 제일프라자)",37.6052717,126.9106902,some,2020/05/16 10:37:00,2020/05/16 15:00:00
189,12835200,더행복약국,"서울특별시 은평구 은평로 200-1 가동 1층 (응암동, 삼영빌딩)",37.6011361,126.9300161,some,2020/05/16 09:21:00,2020/05/16 15:00:00
190,11822546,대림약국,"서울특별시 은평구 은평터널로 65 101호,110호 (수색동, 대림한숲타운아파트)",37.586255,126.900294,some,2020/05/16 12:43:00,2020/05/16 15:00:00
191,12853887,신사프라자약국,서울특별시 은평구 갈현로 16 (신사동),37.5992414,126.9103761,some,2020/05/16 11:15:00,2020/05/16 15:00:00
192,12863904,밝은미소약국,서울특별시 은평구 갈현로 15 1층 103호 (신사동),37.5992616,126.9099922,some,2020/05/16 09:05:00,2020/05/16 15:00:00
193,12843211,이레약국,서울특별시 은평구 통일로 738 (불광동),37.6114242,126.9294218,some,2020/05/16 14:13:00,2020/05/16 15:00:00
194,12808865,하나약국,서울특별시 은평구 진관3로 20 (진관동),37.638914,126.9188965,some,2020/05/16 10:33:00,2020/05/16 15:00:00
195,11850035,메디팜건강약국,서울특별시 은평구 수색로 270-1 (수색동),37.5829123,126.8945377,some,2020/05/14 11:53:00,2020/05/16 15:00:00
196,12846414,호호약국,서울특별시 은평구 서오릉로 139 (역촌동),37.6108485,126.917485,some,2020/05/16 12:35:00,2020/05/16 15:00:00
197,12863785,정다운온누리약국,서울특별시 은평구 갈현로 260 1층 (갈현동),37.6200201,126.9162292,some,2020/05/16 09:17:00,2020/05/16 15:00:00
198,12847801,정문온누리약국,서울특별시 은평구 진흥로 196 (녹번동),37.6084981,126.9312663,some,2020/05/16 06:23:00,2020/05/16 15:00:00
199,11851295,영약국,서울특별시 은평구 은평로10길 5 (응암동),37.5999845,126.9231226,some,2020/05/16 09:54:00,2020/05/16 15:00:00
200,12849430,연세스타약국,서울특별시 은평구 연서로 183-12 (갈현동),37.6149196,126.9174357,some,2020/05/14 08:46:00,2020/05/16 15:00:00
201,11895322,연신내영재약국,"서울특별시 은평구 연서로 246 (불광동, 타워클리닉)",37.6190429,126.922554,some,2020/05/16 08:53:00,2020/05/16 15:00:00
202,11889489,새봄약국,서울특별시 은평구 은평로 5 1층 (신사동),37.5967735,126.9092234,some,2020/05/16 12:26:00,2020/05/16 15:00:00
203,12854883,다온약국,"서울특별시 은평구 은평로 123 1층 101호 (응암동, 응암아네스트)",37.6005312,126.9215552,some,2020/05/16 09:05:00,2020/05/16 15:00:00
204,12812251,신일약국,서울특별시 은평구 은평로 156 1층 101호 (응암동),37.6007606,126.9249368,some,2020/05/16 08:51:00,2020/05/16 15:00:00
205,12870404,팜스토리약국,서울특별시 은평구 은평로 111 은평이마트 8층 (응암동),37.6008422,126.9205287,some,2020/05/16 12:56:00,2020/05/16 15:00:00
206,11849959,유승약국,서울특별시 은평구 역말로9길 1 1층 (대조동),37.611231,126.9216294,,,
207,11850591,이화약국,서울특별시 은평구 연서로 331-1 (불광동),37.6249326,126.9284961,,,
208,12810860,은빛약국,서울특별시 은평구 통일로87길 2 (갈현동),37.6234839,126.9194767,,,
209,12831794,해오름온누리약국,"서울특별시 은평구 응암로 215 103호 (응암동, 명남더블레스아파트2차)",37.5912221,126.9170757,,,
